run,sketch_oxide::HyperLogLog,sketchlib_rust::HyperLogLog,sketch_oxide::CountMinSketch,sketchlib_rust::CountMin (fast_insert),sketch_oxide::CountSketch,sketchlib_rust::Count (fast_insert),sketch_oxide::ElasticSketch,sketchlib_rust::Elastic,sketch_oxide::KllSketch,sketchlib_rust::KLL,sketch_oxide::UnivMon,sketchlib_rust::UnivMon,sketch_oxide::NitroSketch (CountMin base),sketchlib_rust::CountMin (Nitro sampling)
0,4435,6411,60427,9385,571273,38766,90486,113746,42285,26478,2112819,592933,4664,1434
1,4338,5495,60370,9385,573245,38725,39687,112747,41922,26508,2110266,593622,4676,1392
2,4332,5476,60370,9385,583360,38715,39715,113758,41918,26483,2111327,595793,4677,1387
3,4331,5472,60375,9439,569324,38700,39702,112703,42010,26508,2113860,593401,4663,1387
4,4340,5485,60381,9429,568220,38702,39694,113694,42122,26486,2110303,594547,4676,1406
5,4333,5467,60376,9431,568710,38698,39711,112743,42038,26476,2112697,593329,4674,1387
6,4322,5470,60367,9429,569679,38705,39694,113718,41877,26486,2116322,593193,4667,1386
7,4324,5475,60434,9428,569713,38701,39691,112725,41920,26481,2112953,594012,4677,1390
8,4320,5472,60493,9436,569372,38699,39713,113761,41867,26486,2111728,592575,4681,1387
9,4319,5472,60373,9438,567974,38702,39701,112726,42001,26487,2111857,592335,4665,1390
