run,C++ Apache DataSketches KLL,C++ KLL (Naive),C++ KLL (DataSketches-style),C++ KLL (No Self Move Protection),C++ KLL (PCG Random),C++ KLL (No Min/Max),C++ KLL (Cached Level Capacities),C++ KLL (Final - All Optimizations),Rust KLL::update()
0,33891,5214263,28568,26236,24882,29086,26487,25261,27133
1,30378,5212711,28492,26169,24789,29034,26447,25169,24130
2,30883,5213019,28542,26164,24794,29076,26454,25168,24162
3,30959,5213196,28484,26179,24791,29053,26454,25205,24165
4,30974,5213381,28482,26331,24788,29085,26482,25201,24165
5,30922,5213351,28482,26187,24838,29039,26464,25201,24182
6,30927,5212673,28493,26181,24794,29039,26451,25182,24167
7,30908,5212699,28483,26188,24797,29067,26403,25171,24184
8,30933,5212734,28505,26187,24811,29086,26434,25167,24142
9,30943,5212976,28477,26155,24789,29045,26456,25175,24186
