run,C++ Count Sketch (Naive),C++ Count Sketch (Fastrange),C++ Count Sketch (Fixed Size),C++ Count Sketch (Optimized),"C++ Count Sketch (Optimized, No Unroll)",C++ DataSketches CountMin,Rust CountMin::insert(),Rust CountMin::fast_insert(),Rust CountMin::fast_insert_nitro() - Sampling Rate 1.00,Rust CountMin::fast_insert_nitro() - Sampling Rate 0.70,Rust CountMin::fast_insert_nitro() - Sampling Rate 0.40,Rust CountMin::fast_insert_nitro() - Sampling Rate 0.10,Rust CountMin::fast_insert_nitro() - Sampling Rate 0.07,Rust CountMin::fast_insert_nitro() - Sampling Rate 0.04,Rust CountMin::fast_insert_nitro() - Sampling Rate 0.01,Rust Count::fast_insert_nitro() - Sampling Rate 1.00,Rust Count::fast_insert_nitro() - Sampling Rate 0.70,Rust Count::fast_insert_nitro() - Sampling Rate 0.40,Rust Count::fast_insert_nitro() - Sampling Rate 0.10,Rust Count::fast_insert_nitro() - Sampling Rate 0.07,Rust Count::fast_insert_nitro() - Sampling Rate 0.04,Rust Count::fast_insert_nitro() - Sampling Rate 0.01,Rust Count::insert(),Rust Count::fast_insert(),Rust CountCheat::insert(),Rust CountCheat::fast_insert()
0,72079,59294,27494,9671,9670,82520,32001,9078,700,1454,1459,1454,1454,1457,1454,24078,1524,1525,1521,1526,1526,1521,30279,10754,11676,7721
1,71988,59241,27386,9612,9612,82396,29126,9076,705,1458,1469,1458,1458,1453,1458,24067,1521,1525,1524,1522,1521,1524,30276,10751,11698,7733
2,71926,59224,27458,9610,9617,82437,29130,9080,705,1454,1458,1454,1453,1458,1454,24060,1525,1521,1521,1525,1526,1521,30277,10747,11690,7727
3,71920,59238,27443,9604,9621,82360,29119,9078,700,1457,1454,1460,1454,1454,1457,24065,1522,1526,1525,1521,1521,1524,30274,10749,11682,7728
4,71938,59231,27439,9614,9615,82350,29122,9075,707,1454,1458,1454,1459,1457,1454,24067,1525,1522,1521,1525,1529,1521,30276,10749,11665,7721
5,71905,59217,27410,9612,9615,82334,29122,9077,705,1457,1454,1457,1454,1454,1458,24070,1521,1525,1525,1521,1525,1526,30283,10749,11694,7729
6,71912,59221,27411,9616,9608,82350,29125,9077,704,1461,1457,1454,1458,1454,1454,24062,1526,1521,1521,1524,1521,1521,30275,10749,11685,7732
7,71919,59234,27416,9610,9612,82356,29148,9081,700,1454,1454,1457,1454,1458,1458,24064,1521,1524,1526,1521,1525,1526,30274,10744,11670,7723
8,71925,59228,27389,9607,9612,82328,29144,9082,705,1459,1457,1453,1462,1454,1454,24067,1526,1522,1524,1525,1521,1521,30276,10749,11692,7720
9,71911,59241,27414,9611,9617,82368,29124,9075,705,1454,1454,1457,1454,1458,1454,24065,1521,1525,1521,1522,1524,1526,30702,10747,11684,7728
