family,sketch,config,dist,param,cardinality,n_sat,final_error,error_metric,insert_cpu_secs,merge_cpu_secs,query_cpu_secs,memory_bytes
topk,cms-heap-topk-fastpath-vector2d,rows=3 cols=256,zipf,0.0,1000,5623,0.041666666666666664,precision_at_k,,,,
topk,cms-heap-topk-fastpath-vector2d,rows=3 cols=256,zipf,0.0,100000,3162,0.0,precision_at_k,,,,
topk,cms-heap-topk-fastpath-vector2d,rows=3 cols=256,zipf,0.0,10000000,1000,0.0,precision_at_k,,,,
topk,cms-heap-topk-fastpath-vector2d,rows=3 cols=256,zipf,0.0,10000,not_saturated,0.010416666666666666,precision_at_k,,,,
topk,cms-heap-topk-fastpath-vector2d,rows=3 cols=256,zipf,0.5,1000,177828,0.40625,precision_at_k,,,,
topk,cms-heap-topk-fastpath-vector2d,rows=3 cols=256,zipf,0.5,100000,1778279,0.15625,precision_at_k,,,,
topk,cms-heap-topk-fastpath-vector2d,rows=3 cols=256,zipf,0.5,10000000,1000000,0.10416666666666667,precision_at_k,,,,
topk,cms-heap-topk-fastpath-vector2d,rows=3 cols=256,zipf,0.5,10000,316228,0.2916666666666667,precision_at_k,,,,
topk,cms-heap-topk-fastpath-vector2d,rows=3 cols=256,zipf,0.8,1000,1000,0.84375,precision_at_k,,,,
topk,cms-heap-topk-fastpath-vector2d,rows=3 cols=256,zipf,0.8,100000,1778279,0.34375,precision_at_k,,,,
topk,cms-heap-topk-fastpath-vector2d,rows=3 cols=256,zipf,0.8,10000000,not_saturated,0.25,precision_at_k,,,,
topk,cms-heap-topk-fastpath-vector2d,rows=3 cols=256,zipf,0.8,10000,1000000,0.5,precision_at_k,,,,
topk,cms-heap-topk-fastpath-vector2d,rows=3 cols=256,zipf,1.0,1000,1000,0.90625,precision_at_k,,,,
topk,cms-heap-topk-fastpath-vector2d,rows=3 cols=256,zipf,1.0,100000,not_saturated,0.40625,precision_at_k,,,,
topk,cms-heap-topk-fastpath-vector2d,rows=3 cols=256,zipf,1.0,10000000,not_saturated,0.25,precision_at_k,,,,
topk,cms-heap-topk-fastpath-vector2d,rows=3 cols=256,zipf,1.0,10000,562341,0.6041666666666666,precision_at_k,,,,
topk,cms-heap-topk-fastpath-vector2d,rows=3 cols=256,zipf,1.2,1000,1000,0.90625,precision_at_k,,,,
topk,cms-heap-topk-fastpath-vector2d,rows=3 cols=256,zipf,1.2,100000,not_saturated,0.4375,precision_at_k,,,,
topk,cms-heap-topk-fastpath-vector2d,rows=3 cols=256,zipf,1.2,10000000,not_saturated,0.3125,precision_at_k,,,,
topk,cms-heap-topk-fastpath-vector2d,rows=3 cols=256,zipf,1.2,10000,562341,0.65625,precision_at_k,,,,
topk,cms-heap-topk-fastpath-vector2d,rows=3 cols=256,zipf,1.5,1000,1000,0.9375,precision_at_k,,,,
topk,cms-heap-topk-fastpath-vector2d,rows=3 cols=256,zipf,1.5,100000,not_saturated,0.6041666666666666,precision_at_k,,,,
topk,cms-heap-topk-fastpath-vector2d,rows=3 cols=256,zipf,1.5,10000000,not_saturated,0.5729166666666666,precision_at_k,,,,
topk,cms-heap-topk-fastpath-vector2d,rows=3 cols=256,zipf,1.5,10000,1778279,0.6875,precision_at_k,,,,
topk,cms-heap-topk-fastpath-vector2d,rows=3 cols=256,zipf,2.0,1000,1000,0.9583333333333334,precision_at_k,,,,
topk,cms-heap-topk-fastpath-vector2d,rows=3 cols=256,zipf,2.0,100000,562341,0.875,precision_at_k,,,,
topk,cms-heap-topk-fastpath-vector2d,rows=3 cols=256,zipf,2.0,10000000,177828,0.875,precision_at_k,,,,
topk,cms-heap-topk-fastpath-vector2d,rows=3 cols=256,zipf,2.0,10000,316228,0.875,precision_at_k,,,,
topk,cms-heap-topk-fastpath-vector2d,rows=3 cols=256,zipf,1.1,1000,1000,0.90625,precision_at_k,,,,
topk,cms-heap-topk-fastpath-vector2d,rows=3 cols=256,zipf,1.1,100000,not_saturated,0.40625,precision_at_k,,,,
topk,cms-heap-topk-fastpath-vector2d,rows=3 cols=256,zipf,1.1,10000000,not_saturated,0.28125,precision_at_k,,,,
topk,cms-heap-topk-fastpath-vector2d,rows=3 cols=256,zipf,1.1,10000,316228,0.65625,precision_at_k,,,,
topk,cms-heap-topk-fastpath-vector2d,rows=3 cols=1024,zipf,0.0,1000,not_saturated,0.10416666666666667,precision_at_k,,,,
topk,cms-heap-topk-fastpath-vector2d,rows=3 cols=1024,zipf,0.0,100000,17783,0.0,precision_at_k,,,,
topk,cms-heap-topk-fastpath-vector2d,rows=3 cols=1024,zipf,0.0,10000000,1000,0.0,precision_at_k,,,,
topk,cms-heap-topk-fastpath-vector2d,rows=3 cols=1024,zipf,0.0,10000,not_saturated,0.0,precision_at_k,,,,
topk,cms-heap-topk-fastpath-vector2d,rows=3 cols=1024,zipf,0.5,1000,1000,0.8229166666666666,precision_at_k,,,,
topk,cms-heap-topk-fastpath-vector2d,rows=3 cols=1024,zipf,0.5,100000,56234,0.53125,precision_at_k,,,,
topk,cms-heap-topk-fastpath-vector2d,rows=3 cols=1024,zipf,0.5,10000000,not_saturated,0.3333333333333333,precision_at_k,,,,
topk,cms-heap-topk-fastpath-vector2d,rows=3 cols=1024,zipf,0.5,10000,31623,0.6875,precision_at_k,,,,
topk,cms-heap-topk-fastpath-vector2d,rows=3 cols=1024,zipf,0.8,1000,1000,1.0,precision_at_k,,,,
topk,cms-heap-topk-fastpath-vector2d,rows=3 cols=1024,zipf,0.8,100000,5623,0.9166666666666666,precision_at_k,,,,
topk,cms-heap-topk-fastpath-vector2d,rows=3 cols=1024,zipf,0.8,10000000,not_saturated,0.6875,precision_at_k,,,,
topk,cms-heap-topk-fastpath-vector2d,rows=3 cols=1024,zipf,0.8,10000,1778,0.9375,precision_at_k,,,,
topk,cms-heap-topk-fastpath-vector2d,rows=3 cols=1024,zipf,1.0,1000,1000,1.0,precision_at_k,,,,
topk,cms-heap-topk-fastpath-vector2d,rows=3 cols=1024,zipf,1.0,100000,1778,0.96875,precision_at_k,,,,
topk,cms-heap-topk-fastpath-vector2d,rows=3 cols=1024,zipf,1.0,10000000,not_saturated,0.71875,precision_at_k,,,,
topk,cms-heap-topk-fastpath-vector2d,rows=3 cols=1024,zipf,1.0,10000,1000,0.96875,precision_at_k,,,,
topk,cms-heap-topk-fastpath-vector2d,rows=3 cols=1024,zipf,1.2,1000,1000,1.0,precision_at_k,,,,
topk,cms-heap-topk-fastpath-vector2d,rows=3 cols=1024,zipf,1.2,100000,1000,0.96875,precision_at_k,,,,
topk,cms-heap-topk-fastpath-vector2d,rows=3 cols=1024,zipf,1.2,10000000,316228,0.8645833333333334,precision_at_k,,,,
topk,cms-heap-topk-fastpath-vector2d,rows=3 cols=1024,zipf,1.2,10000,1000,0.96875,precision_at_k,,,,
topk,cms-heap-topk-fastpath-vector2d,rows=3 cols=1024,zipf,1.5,1000,1000,1.0,precision_at_k,,,,
topk,cms-heap-topk-fastpath-vector2d,rows=3 cols=1024,zipf,1.5,100000,1000,0.9791666666666666,precision_at_k,,,,
topk,cms-heap-topk-fastpath-vector2d,rows=3 cols=1024,zipf,1.5,10000000,1000,0.9479166666666666,precision_at_k,,,,
topk,cms-heap-topk-fastpath-vector2d,rows=3 cols=1024,zipf,1.5,10000,1000,0.96875,precision_at_k,,,,
topk,cms-heap-topk-fastpath-vector2d,rows=3 cols=1024,zipf,2.0,1000,1778,1.0,precision_at_k,,,,
topk,cms-heap-topk-fastpath-vector2d,rows=3 cols=1024,zipf,2.0,100000,3162,0.9895833333333334,precision_at_k,,,,
topk,cms-heap-topk-fastpath-vector2d,rows=3 cols=1024,zipf,2.0,10000000,3162,1.0,precision_at_k,,,,
topk,cms-heap-topk-fastpath-vector2d,rows=3 cols=1024,zipf,2.0,10000,1778,1.0,precision_at_k,,,,
topk,cms-heap-topk-fastpath-vector2d,rows=3 cols=1024,zipf,1.1,1000,1000,1.0,precision_at_k,,,,
topk,cms-heap-topk-fastpath-vector2d,rows=3 cols=1024,zipf,1.1,100000,1000,0.96875,precision_at_k,,,,
topk,cms-heap-topk-fastpath-vector2d,rows=3 cols=1024,zipf,1.1,10000000,1778279,0.8020833333333334,precision_at_k,,,,
topk,cms-heap-topk-fastpath-vector2d,rows=3 cols=1024,zipf,1.1,10000,1000,0.96875,precision_at_k,,,,
topk,cms-heap-topk-fastpath-vector2d,rows=3 cols=4096,zipf,0.0,1000,17783,0.6354166666666666,precision_at_k,,,,
topk,cms-heap-topk-fastpath-vector2d,rows=3 cols=4096,zipf,0.0,100000,not_saturated,0.0,precision_at_k,,,,
topk,cms-heap-topk-fastpath-vector2d,rows=3 cols=4096,zipf,0.0,10000000,1000,0.0,precision_at_k,,,,
topk,cms-heap-topk-fastpath-vector2d,rows=3 cols=4096,zipf,0.0,10000,not_saturated,0.0,precision_at_k,,,,
topk,cms-heap-topk-fastpath-vector2d,rows=3 cols=4096,zipf,0.5,1000,1778,1.0,precision_at_k,,,,
topk,cms-heap-topk-fastpath-vector2d,rows=3 cols=4096,zipf,0.5,100000,56234,0.8125,precision_at_k,,,,
topk,cms-heap-topk-fastpath-vector2d,rows=3 cols=4096,zipf,0.5,10000000,not_saturated,0.7395833333333334,precision_at_k,,,,
topk,cms-heap-topk-fastpath-vector2d,rows=3 cols=4096,zipf,0.5,10000,5623,0.9270833333333334,precision_at_k,,,,
topk,cms-heap-topk-fastpath-vector2d,rows=3 cols=4096,zipf,0.8,1000,1000,1.0,precision_at_k,,,,
topk,cms-heap-topk-fastpath-vector2d,rows=3 cols=4096,zipf,0.8,100000,3162,1.0,precision_at_k,,,,
topk,cms-heap-topk-fastpath-vector2d,rows=3 cols=4096,zipf,0.8,10000000,5623,0.9791666666666666,precision_at_k,,,,
topk,cms-heap-topk-fastpath-vector2d,rows=3 cols=4096,zipf,0.8,10000,1000,1.0,precision_at_k,,,,
topk,cms-heap-topk-fastpath-vector2d,rows=3 cols=4096,zipf,1.0,1000,1000,1.0,precision_at_k,,,,
topk,cms-heap-topk-fastpath-vector2d,rows=3 cols=4096,zipf,1.0,100000,1778,1.0,precision_at_k,,,,
topk,cms-heap-topk-fastpath-vector2d,rows=3 cols=4096,zipf,1.0,10000000,1778,0.9895833333333334,precision_at_k,,,,
topk,cms-heap-topk-fastpath-vector2d,rows=3 cols=4096,zipf,1.0,10000,1000,1.0,precision_at_k,,,,
topk,cms-heap-topk-fastpath-vector2d,rows=3 cols=4096,zipf,1.2,1000,1000,1.0,precision_at_k,,,,
topk,cms-heap-topk-fastpath-vector2d,rows=3 cols=4096,zipf,1.2,100000,1000,1.0,precision_at_k,,,,
topk,cms-heap-topk-fastpath-vector2d,rows=3 cols=4096,zipf,1.2,10000000,1000,0.9791666666666666,precision_at_k,,,,
topk,cms-heap-topk-fastpath-vector2d,rows=3 cols=4096,zipf,1.2,10000,1000,1.0,precision_at_k,,,,
topk,cms-heap-topk-fastpath-vector2d,rows=3 cols=4096,zipf,1.5,1000,1000,1.0,precision_at_k,,,,
topk,cms-heap-topk-fastpath-vector2d,rows=3 cols=4096,zipf,1.5,100000,1000,1.0,precision_at_k,,,,
topk,cms-heap-topk-fastpath-vector2d,rows=3 cols=4096,zipf,1.5,10000000,1000,1.0,precision_at_k,,,,
topk,cms-heap-topk-fastpath-vector2d,rows=3 cols=4096,zipf,1.5,10000,1000,1.0,precision_at_k,,,,
topk,cms-heap-topk-fastpath-vector2d,rows=3 cols=4096,zipf,2.0,1000,1778,1.0,precision_at_k,,,,
topk,cms-heap-topk-fastpath-vector2d,rows=3 cols=4096,zipf,2.0,100000,3162,1.0,precision_at_k,,,,
topk,cms-heap-topk-fastpath-vector2d,rows=3 cols=4096,zipf,2.0,10000000,3162,1.0,precision_at_k,,,,
topk,cms-heap-topk-fastpath-vector2d,rows=3 cols=4096,zipf,2.0,10000,1778,1.0,precision_at_k,,,,
topk,cms-heap-topk-fastpath-vector2d,rows=3 cols=4096,zipf,1.1,1000,1000,1.0,precision_at_k,,,,
topk,cms-heap-topk-fastpath-vector2d,rows=3 cols=4096,zipf,1.1,100000,1000,1.0,precision_at_k,,,,
topk,cms-heap-topk-fastpath-vector2d,rows=3 cols=4096,zipf,1.1,10000000,1000,0.9895833333333334,precision_at_k,,,,
topk,cms-heap-topk-fastpath-vector2d,rows=3 cols=4096,zipf,1.1,10000,1000,1.0,precision_at_k,,,,
topk,cms-heap-topk-fastpath-vector2d,rows=3 cols=16384,zipf,0.0,1000,5623,1.0,precision_at_k,,,,
topk,cms-heap-topk-fastpath-vector2d,rows=3 cols=16384,zipf,0.0,100000,316228,0.0,precision_at_k,,,,
topk,cms-heap-topk-fastpath-vector2d,rows=3 cols=16384,zipf,0.0,10000000,not_saturated,0.0,precision_at_k,,,,
topk,cms-heap-topk-fastpath-vector2d,rows=3 cols=16384,zipf,0.0,10000,not_saturated,0.020833333333333332,precision_at_k,,,,
topk,cms-heap-topk-fastpath-vector2d,rows=3 cols=16384,zipf,0.5,1000,1778,1.0,precision_at_k,,,,
topk,cms-heap-topk-fastpath-vector2d,rows=3 cols=16384,zipf,0.5,100000,56234,0.9895833333333334,precision_at_k,,,,
topk,cms-heap-topk-fastpath-vector2d,rows=3 cols=16384,zipf,0.5,10000000,1778279,0.8958333333333334,precision_at_k,,,,
topk,cms-heap-topk-fastpath-vector2d,rows=3 cols=16384,zipf,0.5,10000,5623,1.0,precision_at_k,,,,
topk,cms-heap-topk-fastpath-vector2d,rows=3 cols=16384,zipf,0.8,1000,1000,1.0,precision_at_k,,,,
topk,cms-heap-topk-fastpath-vector2d,rows=3 cols=16384,zipf,0.8,100000,3162,1.0,precision_at_k,,,,
topk,cms-heap-topk-fastpath-vector2d,rows=3 cols=16384,zipf,0.8,10000000,5623,1.0,precision_at_k,,,,
topk,cms-heap-topk-fastpath-vector2d,rows=3 cols=16384,zipf,0.8,10000,1000,1.0,precision_at_k,,,,
topk,cms-heap-topk-fastpath-vector2d,rows=3 cols=16384,zipf,1.0,1000,1000,1.0,precision_at_k,,,,
topk,cms-heap-topk-fastpath-vector2d,rows=3 cols=16384,zipf,1.0,100000,1778,1.0,precision_at_k,,,,
topk,cms-heap-topk-fastpath-vector2d,rows=3 cols=16384,zipf,1.0,10000000,1778,1.0,precision_at_k,,,,
topk,cms-heap-topk-fastpath-vector2d,rows=3 cols=16384,zipf,1.0,10000,1000,1.0,precision_at_k,,,,
topk,cms-heap-topk-fastpath-vector2d,rows=3 cols=16384,zipf,1.2,1000,1000,1.0,precision_at_k,,,,
topk,cms-heap-topk-fastpath-vector2d,rows=3 cols=16384,zipf,1.2,100000,1000,1.0,precision_at_k,,,,
topk,cms-heap-topk-fastpath-vector2d,rows=3 cols=16384,zipf,1.2,10000000,1000,1.0,precision_at_k,,,,
topk,cms-heap-topk-fastpath-vector2d,rows=3 cols=16384,zipf,1.2,10000,1000,1.0,precision_at_k,,,,
topk,cms-heap-topk-fastpath-vector2d,rows=3 cols=16384,zipf,1.5,1000,1000,1.0,precision_at_k,,,,
topk,cms-heap-topk-fastpath-vector2d,rows=3 cols=16384,zipf,1.5,100000,1000,1.0,precision_at_k,,,,
topk,cms-heap-topk-fastpath-vector2d,rows=3 cols=16384,zipf,1.5,10000000,1000,1.0,precision_at_k,,,,
topk,cms-heap-topk-fastpath-vector2d,rows=3 cols=16384,zipf,1.5,10000,1000,1.0,precision_at_k,,,,
topk,cms-heap-topk-fastpath-vector2d,rows=3 cols=16384,zipf,2.0,1000,1778,1.0,precision_at_k,,,,
topk,cms-heap-topk-fastpath-vector2d,rows=3 cols=16384,zipf,2.0,100000,3162,1.0,precision_at_k,,,,
topk,cms-heap-topk-fastpath-vector2d,rows=3 cols=16384,zipf,2.0,10000000,3162,1.0,precision_at_k,,,,
topk,cms-heap-topk-fastpath-vector2d,rows=3 cols=16384,zipf,2.0,10000,1778,1.0,precision_at_k,,,,
topk,cms-heap-topk-fastpath-vector2d,rows=3 cols=16384,zipf,1.1,1000,1000,1.0,precision_at_k,,,,
topk,cms-heap-topk-fastpath-vector2d,rows=3 cols=16384,zipf,1.1,100000,1000,1.0,precision_at_k,,,,
topk,cms-heap-topk-fastpath-vector2d,rows=3 cols=16384,zipf,1.1,10000000,1000,1.0,precision_at_k,,,,
topk,cms-heap-topk-fastpath-vector2d,rows=3 cols=16384,zipf,1.1,10000,1000,1.0,precision_at_k,,,,
topk,cms-heap-topk-fastpath-vector2d,rows=5 cols=256,zipf,0.0,1000,not_saturated,0.03125,precision_at_k,,,,
topk,cms-heap-topk-fastpath-vector2d,rows=5 cols=256,zipf,0.0,100000,5623,0.0,precision_at_k,,,,
topk,cms-heap-topk-fastpath-vector2d,rows=5 cols=256,zipf,0.0,10000000,1000,0.0,precision_at_k,,,,
topk,cms-heap-topk-fastpath-vector2d,rows=5 cols=256,zipf,0.0,10000,not_saturated,0.020833333333333332,precision_at_k,,,,
topk,cms-heap-topk-fastpath-vector2d,rows=5 cols=256,zipf,0.5,1000,3162,0.59375,precision_at_k,,,,
topk,cms-heap-topk-fastpath-vector2d,rows=5 cols=256,zipf,0.5,100000,1000000,0.25,precision_at_k,,,,
topk,cms-heap-topk-fastpath-vector2d,rows=5 cols=256,zipf,0.5,10000000,not_saturated,0.14583333333333334,precision_at_k,,,,
topk,cms-heap-topk-fastpath-vector2d,rows=5 cols=256,zipf,0.5,10000,1000000,0.3854166666666667,precision_at_k,,,,
topk,cms-heap-topk-fastpath-vector2d,rows=5 cols=256,zipf,0.8,1000,1000,0.8645833333333334,precision_at_k,,,,
topk,cms-heap-topk-fastpath-vector2d,rows=5 cols=256,zipf,0.8,100000,1000000,0.6875,precision_at_k,,,,
topk,cms-heap-topk-fastpath-vector2d,rows=5 cols=256,zipf,0.8,10000000,1778279,0.6145833333333334,precision_at_k,,,,
topk,cms-heap-topk-fastpath-vector2d,rows=5 cols=256,zipf,0.8,10000,316228,0.75,precision_at_k,,,,
topk,cms-heap-topk-fastpath-vector2d,rows=5 cols=256,zipf,1.0,1000,1000,0.96875,precision_at_k,,,,
topk,cms-heap-topk-fastpath-vector2d,rows=5 cols=256,zipf,1.0,100000,562341,0.84375,precision_at_k,,,,
topk,cms-heap-topk-fastpath-vector2d,rows=5 cols=256,zipf,1.0,10000000,1000000,0.71875,precision_at_k,,,,
topk,cms-heap-topk-fastpath-vector2d,rows=5 cols=256,zipf,1.0,10000,1000,0.9375,precision_at_k,,,,
topk,cms-heap-topk-fastpath-vector2d,rows=5 cols=256,zipf,1.2,1000,1000,0.96875,precision_at_k,,,,
topk,cms-heap-topk-fastpath-vector2d,rows=5 cols=256,zipf,1.2,100000,1000,0.9270833333333334,precision_at_k,,,,
topk,cms-heap-topk-fastpath-vector2d,rows=5 cols=256,zipf,1.2,10000000,1000,0.875,precision_at_k,,,,
topk,cms-heap-topk-fastpath-vector2d,rows=5 cols=256,zipf,1.2,10000,1000,0.96875,precision_at_k,,,,
topk,cms-heap-topk-fastpath-vector2d,rows=5 cols=256,zipf,1.5,1000,1000,0.9895833333333334,precision_at_k,,,,
topk,cms-heap-topk-fastpath-vector2d,rows=5 cols=256,zipf,1.5,100000,1000,0.9791666666666666,precision_at_k,,,,
topk,cms-heap-topk-fastpath-vector2d,rows=5 cols=256,zipf,1.5,10000000,1000,0.9791666666666666,precision_at_k,,,,
topk,cms-heap-topk-fastpath-vector2d,rows=5 cols=256,zipf,1.5,10000,1000,0.96875,precision_at_k,,,,
topk,cms-heap-topk-fastpath-vector2d,rows=5 cols=256,zipf,2.0,1000,1778,1.0,precision_at_k,,,,
topk,cms-heap-topk-fastpath-vector2d,rows=5 cols=256,zipf,2.0,100000,3162,1.0,precision_at_k,,,,
topk,cms-heap-topk-fastpath-vector2d,rows=5 cols=256,zipf,2.0,10000000,3162,1.0,precision_at_k,,,,
topk,cms-heap-topk-fastpath-vector2d,rows=5 cols=256,zipf,2.0,10000,1778,1.0,precision_at_k,,,,
topk,cms-heap-topk-fastpath-vector2d,rows=5 cols=256,zipf,1.1,1000,1000,0.96875,precision_at_k,,,,
topk,cms-heap-topk-fastpath-vector2d,rows=5 cols=256,zipf,1.1,100000,1000,0.875,precision_at_k,,,,
topk,cms-heap-topk-fastpath-vector2d,rows=5 cols=256,zipf,1.1,10000000,1778279,0.8125,precision_at_k,,,,
topk,cms-heap-topk-fastpath-vector2d,rows=5 cols=256,zipf,1.1,10000,1000,0.9583333333333334,precision_at_k,,,,
topk,cms-heap-topk-fastpath-vector2d,rows=5 cols=1024,zipf,0.0,1000,1000000,0.03125,precision_at_k,,,,
topk,cms-heap-topk-fastpath-vector2d,rows=5 cols=1024,zipf,0.0,100000,17783,0.0,precision_at_k,,,,
topk,cms-heap-topk-fastpath-vector2d,rows=5 cols=1024,zipf,0.0,10000000,1000,0.0,precision_at_k,,,,
topk,cms-heap-topk-fastpath-vector2d,rows=5 cols=1024,zipf,0.0,10000,not_saturated,0.0,precision_at_k,,,,
topk,cms-heap-topk-fastpath-vector2d,rows=5 cols=1024,zipf,0.5,1000,1000,0.9375,precision_at_k,,,,
topk,cms-heap-topk-fastpath-vector2d,rows=5 cols=1024,zipf,0.5,100000,100000,0.7291666666666666,precision_at_k,,,,
topk,cms-heap-topk-fastpath-vector2d,rows=5 cols=1024,zipf,0.5,10000000,not_saturated,0.59375,precision_at_k,,,,
topk,cms-heap-topk-fastpath-vector2d,rows=5 cols=1024,zipf,0.5,10000,31623,0.7708333333333334,precision_at_k,,,,
topk,cms-heap-topk-fastpath-vector2d,rows=5 cols=1024,zipf,0.8,1000,1000,1.0,precision_at_k,,,,
topk,cms-heap-topk-fastpath-vector2d,rows=5 cols=1024,zipf,0.8,100000,5623,1.0,precision_at_k,,,,
topk,cms-heap-topk-fastpath-vector2d,rows=5 cols=1024,zipf,0.8,10000000,31623,0.9791666666666666,precision_at_k,,,,
topk,cms-heap-topk-fastpath-vector2d,rows=5 cols=1024,zipf,0.8,10000,1000,0.96875,precision_at_k,,,,
topk,cms-heap-topk-fastpath-vector2d,rows=5 cols=1024,zipf,1.0,1000,1000,1.0,precision_at_k,,,,
topk,cms-heap-topk-fastpath-vector2d,rows=5 cols=1024,zipf,1.0,100000,1778,1.0,precision_at_k,,,,
topk,cms-heap-topk-fastpath-vector2d,rows=5 cols=1024,zipf,1.0,10000000,1778,1.0,precision_at_k,,,,
topk,cms-heap-topk-fastpath-vector2d,rows=5 cols=1024,zipf,1.0,10000,1000,0.9895833333333334,precision_at_k,,,,
topk,cms-heap-topk-fastpath-vector2d,rows=5 cols=1024,zipf,1.2,1000,1000,1.0,precision_at_k,,,,
topk,cms-heap-topk-fastpath-vector2d,rows=5 cols=1024,zipf,1.2,100000,1000,1.0,precision_at_k,,,,
topk,cms-heap-topk-fastpath-vector2d,rows=5 cols=1024,zipf,1.2,10000000,1000,1.0,precision_at_k,,,,
topk,cms-heap-topk-fastpath-vector2d,rows=5 cols=1024,zipf,1.2,10000,1000,1.0,precision_at_k,,,,
topk,cms-heap-topk-fastpath-vector2d,rows=5 cols=1024,zipf,1.5,1000,1000,1.0,precision_at_k,,,,
topk,cms-heap-topk-fastpath-vector2d,rows=5 cols=1024,zipf,1.5,100000,1000,1.0,precision_at_k,,,,
topk,cms-heap-topk-fastpath-vector2d,rows=5 cols=1024,zipf,1.5,10000000,1000,1.0,precision_at_k,,,,
topk,cms-heap-topk-fastpath-vector2d,rows=5 cols=1024,zipf,1.5,10000,1000,1.0,precision_at_k,,,,
topk,cms-heap-topk-fastpath-vector2d,rows=5 cols=1024,zipf,2.0,1000,1778,1.0,precision_at_k,,,,
topk,cms-heap-topk-fastpath-vector2d,rows=5 cols=1024,zipf,2.0,100000,3162,1.0,precision_at_k,,,,
topk,cms-heap-topk-fastpath-vector2d,rows=5 cols=1024,zipf,2.0,10000000,3162,1.0,precision_at_k,,,,
topk,cms-heap-topk-fastpath-vector2d,rows=5 cols=1024,zipf,2.0,10000,1778,1.0,precision_at_k,,,,
topk,cms-heap-topk-fastpath-vector2d,rows=5 cols=1024,zipf,1.1,1000,1000,1.0,precision_at_k,,,,
topk,cms-heap-topk-fastpath-vector2d,rows=5 cols=1024,zipf,1.1,100000,1000,1.0,precision_at_k,,,,
topk,cms-heap-topk-fastpath-vector2d,rows=5 cols=1024,zipf,1.1,10000000,1000,1.0,precision_at_k,,,,
topk,cms-heap-topk-fastpath-vector2d,rows=5 cols=1024,zipf,1.1,10000,1000,1.0,precision_at_k,,,,
topk,cms-heap-topk-fastpath-vector2d,rows=5 cols=4096,zipf,0.0,1000,5623,1.0,precision_at_k,,,,
topk,cms-heap-topk-fastpath-vector2d,rows=5 cols=4096,zipf,0.0,100000,177828,0.0,precision_at_k,,,,
topk,cms-heap-topk-fastpath-vector2d,rows=5 cols=4096,zipf,0.0,10000000,1000,0.0,precision_at_k,,,,
topk,cms-heap-topk-fastpath-vector2d,rows=5 cols=4096,zipf,0.0,10000,not_saturated,0.010416666666666666,precision_at_k,,,,
topk,cms-heap-topk-fastpath-vector2d,rows=5 cols=4096,zipf,0.5,1000,1778,1.0,precision_at_k,,,,
topk,cms-heap-topk-fastpath-vector2d,rows=5 cols=4096,zipf,0.5,100000,56234,0.8645833333333334,precision_at_k,,,,
topk,cms-heap-topk-fastpath-vector2d,rows=5 cols=4096,zipf,0.5,10000000,1778279,0.7604166666666666,precision_at_k,,,,
topk,cms-heap-topk-fastpath-vector2d,rows=5 cols=4096,zipf,0.5,10000,1778,0.90625,precision_at_k,,,,
topk,cms-heap-topk-fastpath-vector2d,rows=5 cols=4096,zipf,0.8,1000,1000,1.0,precision_at_k,,,,
topk,cms-heap-topk-fastpath-vector2d,rows=5 cols=4096,zipf,0.8,100000,1778,0.9895833333333334,precision_at_k,,,,
topk,cms-heap-topk-fastpath-vector2d,rows=5 cols=4096,zipf,0.8,10000000,5623,0.96875,precision_at_k,,,,
topk,cms-heap-topk-fastpath-vector2d,rows=5 cols=4096,zipf,0.8,10000,1000,1.0,precision_at_k,,,,
topk,cms-heap-topk-fastpath-vector2d,rows=5 cols=4096,zipf,1.0,1000,1000,1.0,precision_at_k,,,,
topk,cms-heap-topk-fastpath-vector2d,rows=5 cols=4096,zipf,1.0,100000,1778,1.0,precision_at_k,,,,
topk,cms-heap-topk-fastpath-vector2d,rows=5 cols=4096,zipf,1.0,10000000,1778,1.0,precision_at_k,,,,
topk,cms-heap-topk-fastpath-vector2d,rows=5 cols=4096,zipf,1.0,10000,1000,1.0,precision_at_k,,,,
topk,cms-heap-topk-fastpath-vector2d,rows=5 cols=4096,zipf,1.2,1000,1000,1.0,precision_at_k,,,,
topk,cms-heap-topk-fastpath-vector2d,rows=5 cols=4096,zipf,1.2,100000,1000,1.0,precision_at_k,,,,
topk,cms-heap-topk-fastpath-vector2d,rows=5 cols=4096,zipf,1.2,10000000,1000,1.0,precision_at_k,,,,
topk,cms-heap-topk-fastpath-vector2d,rows=5 cols=4096,zipf,1.2,10000,1000,1.0,precision_at_k,,,,
topk,cms-heap-topk-fastpath-vector2d,rows=5 cols=4096,zipf,1.5,1000,1000,1.0,precision_at_k,,,,
topk,cms-heap-topk-fastpath-vector2d,rows=5 cols=4096,zipf,1.5,100000,1000,1.0,precision_at_k,,,,
topk,cms-heap-topk-fastpath-vector2d,rows=5 cols=4096,zipf,1.5,10000000,1000,1.0,precision_at_k,,,,
topk,cms-heap-topk-fastpath-vector2d,rows=5 cols=4096,zipf,1.5,10000,1000,1.0,precision_at_k,,,,
topk,cms-heap-topk-fastpath-vector2d,rows=5 cols=4096,zipf,2.0,1000,1778,1.0,precision_at_k,,,,
topk,cms-heap-topk-fastpath-vector2d,rows=5 cols=4096,zipf,2.0,100000,3162,1.0,precision_at_k,,,,
topk,cms-heap-topk-fastpath-vector2d,rows=5 cols=4096,zipf,2.0,10000000,3162,1.0,precision_at_k,,,,
topk,cms-heap-topk-fastpath-vector2d,rows=5 cols=4096,zipf,2.0,10000,1778,1.0,precision_at_k,,,,
topk,cms-heap-topk-fastpath-vector2d,rows=5 cols=4096,zipf,1.1,1000,1000,1.0,precision_at_k,,,,
topk,cms-heap-topk-fastpath-vector2d,rows=5 cols=4096,zipf,1.1,100000,1000,1.0,precision_at_k,,,,
topk,cms-heap-topk-fastpath-vector2d,rows=5 cols=4096,zipf,1.1,10000000,1000,1.0,precision_at_k,,,,
topk,cms-heap-topk-fastpath-vector2d,rows=5 cols=4096,zipf,1.1,10000,1000,1.0,precision_at_k,,,,
topk,cms-heap-topk-fastpath-vector2d,rows=5 cols=16384,zipf,0.0,1000,5623,1.0,precision_at_k,,,,
topk,cms-heap-topk-fastpath-vector2d,rows=5 cols=16384,zipf,0.0,100000,not_saturated,0.0,precision_at_k,,,,
topk,cms-heap-topk-fastpath-vector2d,rows=5 cols=16384,zipf,0.0,10000000,56234,0.0,precision_at_k,,,,
topk,cms-heap-topk-fastpath-vector2d,rows=5 cols=16384,zipf,0.0,10000,562341,0.03125,precision_at_k,,,,
topk,cms-heap-topk-fastpath-vector2d,rows=5 cols=16384,zipf,0.5,1000,1778,1.0,precision_at_k,,,,
topk,cms-heap-topk-fastpath-vector2d,rows=5 cols=16384,zipf,0.5,100000,10000,0.9791666666666666,precision_at_k,,,,
topk,cms-heap-topk-fastpath-vector2d,rows=5 cols=16384,zipf,0.5,10000000,1000000,0.9479166666666666,precision_at_k,,,,
topk,cms-heap-topk-fastpath-vector2d,rows=5 cols=16384,zipf,0.5,10000,5623,1.0,precision_at_k,,,,
topk,cms-heap-topk-fastpath-vector2d,rows=5 cols=16384,zipf,0.8,1000,1000,1.0,precision_at_k,,,,
topk,cms-heap-topk-fastpath-vector2d,rows=5 cols=16384,zipf,0.8,100000,3162,1.0,precision_at_k,,,,
topk,cms-heap-topk-fastpath-vector2d,rows=5 cols=16384,zipf,0.8,10000000,5623,1.0,precision_at_k,,,,
topk,cms-heap-topk-fastpath-vector2d,rows=5 cols=16384,zipf,0.8,10000,1000,1.0,precision_at_k,,,,
topk,cms-heap-topk-fastpath-vector2d,rows=5 cols=16384,zipf,1.0,1000,1000,1.0,precision_at_k,,,,
topk,cms-heap-topk-fastpath-vector2d,rows=5 cols=16384,zipf,1.0,100000,1778,1.0,precision_at_k,,,,
topk,cms-heap-topk-fastpath-vector2d,rows=5 cols=16384,zipf,1.0,10000000,1778,1.0,precision_at_k,,,,
topk,cms-heap-topk-fastpath-vector2d,rows=5 cols=16384,zipf,1.0,10000,1000,1.0,precision_at_k,,,,
topk,cms-heap-topk-fastpath-vector2d,rows=5 cols=16384,zipf,1.2,1000,1000,1.0,precision_at_k,,,,
topk,cms-heap-topk-fastpath-vector2d,rows=5 cols=16384,zipf,1.2,100000,1000,1.0,precision_at_k,,,,
topk,cms-heap-topk-fastpath-vector2d,rows=5 cols=16384,zipf,1.2,10000000,1000,1.0,precision_at_k,,,,
topk,cms-heap-topk-fastpath-vector2d,rows=5 cols=16384,zipf,1.2,10000,1000,1.0,precision_at_k,,,,
topk,cms-heap-topk-fastpath-vector2d,rows=5 cols=16384,zipf,1.5,1000,1000,1.0,precision_at_k,,,,
topk,cms-heap-topk-fastpath-vector2d,rows=5 cols=16384,zipf,1.5,100000,1000,1.0,precision_at_k,,,,
topk,cms-heap-topk-fastpath-vector2d,rows=5 cols=16384,zipf,1.5,10000000,1000,1.0,precision_at_k,,,,
topk,cms-heap-topk-fastpath-vector2d,rows=5 cols=16384,zipf,1.5,10000,1000,1.0,precision_at_k,,,,
topk,cms-heap-topk-fastpath-vector2d,rows=5 cols=16384,zipf,2.0,1000,1778,1.0,precision_at_k,,,,
topk,cms-heap-topk-fastpath-vector2d,rows=5 cols=16384,zipf,2.0,100000,3162,1.0,precision_at_k,,,,
topk,cms-heap-topk-fastpath-vector2d,rows=5 cols=16384,zipf,2.0,10000000,3162,1.0,precision_at_k,,,,
topk,cms-heap-topk-fastpath-vector2d,rows=5 cols=16384,zipf,2.0,10000,1778,1.0,precision_at_k,,,,
topk,cms-heap-topk-fastpath-vector2d,rows=5 cols=16384,zipf,1.1,1000,1000,1.0,precision_at_k,,,,
topk,cms-heap-topk-fastpath-vector2d,rows=5 cols=16384,zipf,1.1,100000,1000,1.0,precision_at_k,,,,
topk,cms-heap-topk-fastpath-vector2d,rows=5 cols=16384,zipf,1.1,10000000,1000,1.0,precision_at_k,,,,
topk,cms-heap-topk-fastpath-vector2d,rows=5 cols=16384,zipf,1.1,10000,1000,1.0,precision_at_k,,,,
cardinality,hll,lg_k=12,zipf,0.0,1000,1000,0.011000000000000001,relative_error,,,,
cardinality,hll,lg_k=12,zipf,0.0,100000,316228,0.01138,relative_error,,,,
cardinality,hll,lg_k=12,zipf,0.0,10000000,316228,0.013084446652012948,relative_error,,,,
cardinality,hll,lg_k=12,zipf,0.0,10000,56234,0.0119,relative_error,,,,
cardinality,hll,lg_k=12,zipf,0.5,1000,1000,0.011000000000000001,relative_error,,,,
cardinality,hll,lg_k=12,zipf,0.5,100000,100000,0.01138,relative_error,,,,
cardinality,hll,lg_k=12,zipf,0.5,10000000,1000000,0.008139164580418457,relative_error,,,,
cardinality,hll,lg_k=12,zipf,0.5,10000,31623,0.0119,relative_error,,,,
cardinality,hll,lg_k=12,zipf,0.8,1000,1778,0.011000000000000001,relative_error,,,,
cardinality,hll,lg_k=12,zipf,0.8,100000,17783,0.01138,relative_error,,,,
cardinality,hll,lg_k=12,zipf,0.8,10000000,1000000,0.014038002151420995,relative_error,,,,
cardinality,hll,lg_k=12,zipf,0.8,10000,177828,0.0119,relative_error,,,,
cardinality,hll,lg_k=12,zipf,1.0,1000,31623,0.011000000000000001,relative_error,,,,
cardinality,hll,lg_k=12,zipf,1.0,100000,1000000,0.011353636074991569,relative_error,,,,
cardinality,hll,lg_k=12,zipf,1.0,10000000,3162,0.011580389143199421,relative_error,,,,
cardinality,hll,lg_k=12,zipf,1.0,10000,17783,0.0119,relative_error,,,,
cardinality,hll,lg_k=12,zipf,1.2,1000,1778,0.011000000000000001,relative_error,,,,
cardinality,hll,lg_k=12,zipf,1.2,100000,1000000,0.010082149476613282,relative_error,,,,
cardinality,hll,lg_k=12,zipf,1.2,10000000,not_saturated,0.010925747172117292,relative_error,,,,
cardinality,hll,lg_k=12,zipf,1.2,10000,1778279,0.0119,relative_error,,,,
cardinality,hll,lg_k=12,zipf,1.5,1000,31623,0.011000000000000001,relative_error,,,,
cardinality,hll,lg_k=12,zipf,1.5,100000,177828,0.013523768290055289,relative_error,,,,
cardinality,hll,lg_k=12,zipf,1.5,10000000,562341,0.023353866536305824,relative_error,,,,
cardinality,hll,lg_k=12,zipf,1.5,10000,not_saturated,0.012826655672837924,relative_error,,,,
cardinality,hll,lg_k=12,zipf,2.0,1000,1778279,0.011000000000000001,relative_error,,,,
cardinality,hll,lg_k=12,zipf,2.0,100000,56234,0.006036625836288939,relative_error,,,,
cardinality,hll,lg_k=12,zipf,2.0,10000000,not_saturated,0.011333336777430354,relative_error,,,,
cardinality,hll,lg_k=12,zipf,2.0,10000,1000000,0.011848869378865165,relative_error,,,,
cardinality,hll,lg_k=12,zipf,1.1,1000,1000,0.011000000000000001,relative_error,,,,
cardinality,hll,lg_k=12,zipf,1.1,100000,316228,0.010863294945516829,relative_error,,,,
cardinality,hll,lg_k=12,zipf,1.1,10000000,1778279,0.009318303055711644,relative_error,,,,
cardinality,hll,lg_k=12,zipf,1.1,10000,562341,0.0119,relative_error,,,,
cardinality,hll,lg_k=14,zipf,0.0,1000,1000,0.001,relative_error,,,,
cardinality,hll,lg_k=14,zipf,0.0,100000,10000,0.00807,relative_error,,,,
cardinality,hll,lg_k=14,zipf,0.0,10000000,not_saturated,0.005223849087102696,relative_error,,,,
cardinality,hll,lg_k=14,zipf,0.0,10000,31623,0.0035,relative_error,,,,
cardinality,hll,lg_k=14,zipf,0.5,1000,3162,0.001,relative_error,,,,
cardinality,hll,lg_k=14,zipf,0.5,100000,177828,0.00807,relative_error,,,,
cardinality,hll,lg_k=14,zipf,0.5,10000000,not_saturated,0.00759400108583691,relative_error,,,,
cardinality,hll,lg_k=14,zipf,0.5,10000,5623,0.0035,relative_error,,,,
cardinality,hll,lg_k=14,zipf,0.8,1000,5623,0.001,relative_error,,,,
cardinality,hll,lg_k=14,zipf,0.8,100000,562341,0.00807,relative_error,,,,
cardinality,hll,lg_k=14,zipf,0.8,10000000,1000000,0.004420109871576168,relative_error,,,,
cardinality,hll,lg_k=14,zipf,0.8,10000,31623,0.0035,relative_error,,,,
cardinality,hll,lg_k=14,zipf,1.0,1000,1000,0.001,relative_error,,,,
cardinality,hll,lg_k=14,zipf,1.0,100000,not_saturated,0.0080435478058975,relative_error,,,,
cardinality,hll,lg_k=14,zipf,1.0,10000000,not_saturated,0.002214090259351682,relative_error,,,,
cardinality,hll,lg_k=14,zipf,1.0,10000,1000,0.0035,relative_error,,,,
cardinality,hll,lg_k=14,zipf,1.2,1000,1000,0.001,relative_error,,,,
cardinality,hll,lg_k=14,zipf,1.2,100000,not_saturated,0.007762375673389638,relative_error,,,,
cardinality,hll,lg_k=14,zipf,1.2,10000000,1778279,0.005230302614154994,relative_error,,,,
cardinality,hll,lg_k=14,zipf,1.2,10000,100000,0.0035,relative_error,,,,
cardinality,hll,lg_k=14,zipf,1.5,1000,100000,0.001,relative_error,,,,
cardinality,hll,lg_k=14,zipf,1.5,100000,not_saturated,0.019435852366821268,relative_error,,,,
cardinality,hll,lg_k=14,zipf,1.5,10000000,not_saturated,0.0041202050228055865,relative_error,,,,
cardinality,hll,lg_k=14,zipf,1.5,10000,5623,0.0034406020868393184,relative_error,,,,
cardinality,hll,lg_k=14,zipf,2.0,1000,not_saturated,0.001,relative_error,,,,
cardinality,hll,lg_k=14,zipf,2.0,100000,not_saturated,0.001544543112183339,relative_error,,,,
cardinality,hll,lg_k=14,zipf,2.0,10000000,not_saturated,0.004151249681146955,relative_error,,,,
cardinality,hll,lg_k=14,zipf,2.0,10000,not_saturated,0.0015078231863422098,relative_error,,,,
cardinality,hll,lg_k=14,zipf,1.1,1000,10000,0.001,relative_error,,,,
cardinality,hll,lg_k=14,zipf,1.1,100000,1778279,0.007886731341621121,relative_error,,,,
cardinality,hll,lg_k=14,zipf,1.1,10000000,not_saturated,0.00693346929696268,relative_error,,,,
cardinality,hll,lg_k=14,zipf,1.1,10000,1000000,0.0035,relative_error,,,,
cardinality,hll,lg_k=16,zipf,0.0,1000,1000,0.0,relative_error,,,,
cardinality,hll,lg_k=16,zipf,0.0,100000,1000000,0.00011,relative_error,,,,
cardinality,hll,lg_k=16,zipf,0.0,10000000,562341,0.0036787364875290516,relative_error,,,,
cardinality,hll,lg_k=16,zipf,0.0,10000,56234,0.0023,relative_error,,,,
cardinality,hll,lg_k=16,zipf,0.5,1000,1000,0.0,relative_error,,,,
cardinality,hll,lg_k=16,zipf,0.5,100000,not_saturated,0.00011,relative_error,,,,
cardinality,hll,lg_k=16,zipf,0.5,10000000,562341,0.00382015151197411,relative_error,,,,
cardinality,hll,lg_k=16,zipf,0.5,10000,3162,0.0023,relative_error,,,,
cardinality,hll,lg_k=16,zipf,0.8,1000,17783,0.0,relative_error,,,,
cardinality,hll,lg_k=16,zipf,0.8,100000,1778279,0.00011,relative_error,,,,
cardinality,hll,lg_k=16,zipf,0.8,10000000,1778279,0.0013949325502992948,relative_error,,,,
cardinality,hll,lg_k=16,zipf,0.8,10000,177828,0.0023,relative_error,,,,
cardinality,hll,lg_k=16,zipf,1.0,1000,17783,0.0,relative_error,,,,
cardinality,hll,lg_k=16,zipf,1.0,100000,not_saturated,0.00013667033343466953,relative_error,,,,
cardinality,hll,lg_k=16,zipf,1.0,10000000,1778279,0.0021327239315025817,relative_error,,,,
cardinality,hll,lg_k=16,zipf,1.0,10000,316228,0.0023,relative_error,,,,
cardinality,hll,lg_k=16,zipf,1.2,1000,56234,0.0,relative_error,,,,
cardinality,hll,lg_k=16,zipf,1.2,100000,not_saturated,0.0005691605767129323,relative_error,,,,
cardinality,hll,lg_k=16,zipf,1.2,10000000,not_saturated,0.001953930312449732,relative_error,,,,
cardinality,hll,lg_k=16,zipf,1.2,10000,3162,0.0023,relative_error,,,,
cardinality,hll,lg_k=16,zipf,1.5,1000,31623,0.0,relative_error,,,,
cardinality,hll,lg_k=16,zipf,1.5,100000,56234,0.001914023219307626,relative_error,,,,
cardinality,hll,lg_k=16,zipf,1.5,10000000,not_saturated,0.002385888100071267,relative_error,,,,
cardinality,hll,lg_k=16,zipf,1.5,10000,316228,0.002238026553920077,relative_error,,,,
cardinality,hll,lg_k=16,zipf,2.0,1000,562341,0.0,relative_error,,,,
cardinality,hll,lg_k=16,zipf,2.0,100000,100000,0.0017775150988619812,relative_error,,,,
cardinality,hll,lg_k=16,zipf,2.0,10000000,1778279,0.0018325913419660392,relative_error,,,,
cardinality,hll,lg_k=16,zipf,2.0,10000,31623,0.0009789765047520627,relative_error,,,,
cardinality,hll,lg_k=16,zipf,1.1,1000,10000,0.0,relative_error,,,,
cardinality,hll,lg_k=16,zipf,1.1,100000,not_saturated,0.00011355490090383934,relative_error,,,,
cardinality,hll,lg_k=16,zipf,1.1,10000000,1778279,0.001363364926418778,relative_error,,,,
cardinality,hll,lg_k=16,zipf,1.1,10000,316228,0.0023,relative_error,,,,
quantile,kll-percall,k=50,pareto,1.1,,not_saturated,0.012092092739273927,mean_rank_err,,,,
quantile,kll-percall,k=50,pareto,1.5,,316228,0.01352456435643564,mean_rank_err,,,,
quantile,kll-percall,k=50,pareto,2.0,,not_saturated,0.012177602310231026,mean_rank_err,,,,
quantile,kll-percall,k=50,pareto,3.0,,not_saturated,0.014751009570957097,mean_rank_err,,,,
quantile,kll-percall,k=200,pareto,1.1,,not_saturated,0.003971682838283828,mean_rank_err,,,,
quantile,kll-percall,k=200,pareto,1.5,,562341,0.003457790429042903,mean_rank_err,,,,
quantile,kll-percall,k=200,pareto,2.0,,not_saturated,0.002344444554455448,mean_rank_err,,,,
quantile,kll-percall,k=200,pareto,3.0,,not_saturated,0.0026952735973597365,mean_rank_err,,,,
quantile,kll-percall,k=800,pareto,1.1,,1778279,0.0007781854785478522,mean_rank_err,,,,
quantile,kll-percall,k=800,pareto,1.5,,17783,0.0006798003300330062,mean_rank_err,,,,
quantile,kll-percall,k=800,pareto,2.0,,177828,0.00045547095709570854,mean_rank_err,,,,
quantile,kll-percall,k=800,pareto,3.0,,not_saturated,0.0003753323432343228,mean_rank_err,,,,
quantile,dd,alpha=0.005,pareto,1.1,,316228,0.0019489875139417389,mean_relative_value_error,,,,
quantile,dd,alpha=0.005,pareto,1.5,,1000,0.0023874866727583268,mean_relative_value_error,,,,
quantile,dd,alpha=0.005,pareto,2.0,,1000,0.002315245161874252,mean_relative_value_error,,,,
quantile,dd,alpha=0.005,pareto,3.0,,1000,0.0025030841233706514,mean_relative_value_error,,,,
quantile,dd,alpha=0.01,pareto,1.1,,1000,0.004977417037809188,mean_relative_value_error,,,,
quantile,dd,alpha=0.01,pareto,1.5,,1000,0.004677804431308917,mean_relative_value_error,,,,
quantile,dd,alpha=0.01,pareto,2.0,,1000,0.004927896047486782,mean_relative_value_error,,,,
quantile,dd,alpha=0.01,pareto,3.0,,1000,0.0050048841309483245,mean_relative_value_error,,,,
quantile,dd,alpha=0.02,pareto,1.1,,1000,0.009932450766393864,mean_relative_value_error,,,,
quantile,dd,alpha=0.02,pareto,1.5,,1000,0.009637879799539563,mean_relative_value_error,,,,
quantile,dd,alpha=0.02,pareto,2.0,,1000,0.00966367429530464,mean_relative_value_error,,,,
quantile,dd,alpha=0.02,pareto,3.0,,1000,0.009761265753527077,mean_relative_value_error,,,,
quantile,dd,alpha=0.05,pareto,1.1,,1000,0.024921173898693156,mean_relative_value_error,,,,
quantile,dd,alpha=0.05,pareto,1.5,,1000,0.024473440529436702,mean_relative_value_error,,,,
quantile,dd,alpha=0.05,pareto,2.0,,1000,0.02463159649785922,mean_relative_value_error,,,,
quantile,dd,alpha=0.05,pareto,3.0,,1000,0.024517607831075105,mean_relative_value_error,,,,
