family,sketch,config,dist,param,cardinality,n,seed_mean_error,seed_se
topk,cms-heap-topk-fastpath-vector2d,rows=3 cols=256,zipf,1.1,10000,1000,0.875,0.0
topk,cms-heap-topk-fastpath-vector2d,rows=3 cols=256,zipf,1.1,10000,1778,0.875,0.03608439182435161
topk,cms-heap-topk-fastpath-vector2d,rows=3 cols=256,zipf,1.1,10000,3162,0.875,0.018042195912175804
topk,cms-heap-topk-fastpath-vector2d,rows=3 cols=256,zipf,1.1,10000,5623,0.8541666666666666,0.02755990949025615
topk,cms-heap-topk-fastpath-vector2d,rows=3 cols=256,zipf,1.1,10000,10000,0.9166666666666666,0.020833333333333332
topk,cms-heap-topk-fastpath-vector2d,rows=3 cols=256,zipf,1.1,10000,17783,0.9270833333333334,0.010416666666666668
topk,cms-heap-topk-fastpath-vector2d,rows=3 cols=256,zipf,1.1,10000,31623,0.8854166666666666,0.02755990949025615
topk,cms-heap-topk-fastpath-vector2d,rows=3 cols=256,zipf,1.1,10000,56234,0.8125,0.018042195912175804
topk,cms-heap-topk-fastpath-vector2d,rows=3 cols=256,zipf,1.1,10000,100000,0.8125,0.018042195912175804
topk,cms-heap-topk-fastpath-vector2d,rows=3 cols=256,zipf,1.1,10000,177828,0.7395833333333334,0.020833333333333332
topk,cms-heap-topk-fastpath-vector2d,rows=3 cols=256,zipf,1.1,10000,316228,0.7083333333333334,0.010416666666666668
topk,cms-heap-topk-fastpath-vector2d,rows=3 cols=256,zipf,1.1,10000,562341,0.6979166666666666,0.010416666666666668
topk,cms-heap-topk-fastpath-vector2d,rows=3 cols=256,zipf,1.1,10000,1000000,0.65625,0.0
topk,cms-heap-topk-fastpath-vector2d,rows=3 cols=256,zipf,1.1,10000,1778279,0.65625,0.0
topk,cms-heap-topk-fastpath-vector2d,rows=3 cols=256,zipf,1.1,10000,3162278,0.65625,0.0
topk,cms-heap-topk-fastpath-vector2d,rows=3 cols=256,zipf,1.1,10000,5623413,0.65625,0.0
topk,cms-heap-topk-fastpath-vector2d,rows=3 cols=256,zipf,1.1,10000,10000000,0.65625,0.0
topk,cms-heap-topk-fastpath-vector2d,rows=3 cols=256,zipf,1.1,10000,17782794,0.65625,0.0
topk,cms-heap-topk-fastpath-vector2d,rows=3 cols=256,zipf,1.1,10000,31622777,0.65625,0.0
topk,cms-heap-topk-fastpath-vector2d,rows=3 cols=256,zipf,1.1,10000,56234133,0.65625,0.0
topk,cms-heap-topk-fastpath-vector2d,rows=3 cols=256,zipf,1.1,10000,100000000,0.65625,0.0
topk,cms-heap-topk-fastpath-vector2d,rows=3 cols=256,zipf,1.1,10000,177827941,0.65625,0.0
topk,cms-heap-topk-fastpath-vector2d,rows=3 cols=256,zipf,1.1,10000,316227766,0.65625,0.0
topk,cms-heap-topk-fastpath-vector2d,rows=3 cols=256,zipf,1.1,10000,562341325,0.65625,0.0
topk,cms-heap-topk-fastpath-vector2d,rows=3 cols=256,zipf,1.1,10000,1000000000,0.65625,0.0
topk,cms-heap-topk-fastpath-vector2d,rows=3 cols=1024,zipf,1.1,10000,1000,0.9375,0.018042195912175804
topk,cms-heap-topk-fastpath-vector2d,rows=3 cols=1024,zipf,1.1,10000,1778,0.9791666666666666,0.010416666666666668
topk,cms-heap-topk-fastpath-vector2d,rows=3 cols=1024,zipf,1.1,10000,3162,0.96875,0.0
topk,cms-heap-topk-fastpath-vector2d,rows=3 cols=1024,zipf,1.1,10000,5623,0.9895833333333334,0.010416666666666668
topk,cms-heap-topk-fastpath-vector2d,rows=3 cols=1024,zipf,1.1,10000,10000,0.9895833333333334,0.010416666666666668
topk,cms-heap-topk-fastpath-vector2d,rows=3 cols=1024,zipf,1.1,10000,17783,0.9895833333333334,0.010416666666666668
topk,cms-heap-topk-fastpath-vector2d,rows=3 cols=1024,zipf,1.1,10000,31623,1.0,0.0
topk,cms-heap-topk-fastpath-vector2d,rows=3 cols=1024,zipf,1.1,10000,56234,0.9791666666666666,0.010416666666666668
topk,cms-heap-topk-fastpath-vector2d,rows=3 cols=1024,zipf,1.1,10000,100000,0.9895833333333334,0.010416666666666668
topk,cms-heap-topk-fastpath-vector2d,rows=3 cols=1024,zipf,1.1,10000,177828,0.9791666666666666,0.010416666666666668
topk,cms-heap-topk-fastpath-vector2d,rows=3 cols=1024,zipf,1.1,10000,316228,0.9895833333333334,0.010416666666666668
topk,cms-heap-topk-fastpath-vector2d,rows=3 cols=1024,zipf,1.1,10000,562341,0.96875,0.0
topk,cms-heap-topk-fastpath-vector2d,rows=3 cols=1024,zipf,1.1,10000,1000000,0.96875,0.0
topk,cms-heap-topk-fastpath-vector2d,rows=3 cols=1024,zipf,1.1,10000,1778279,0.96875,0.0
topk,cms-heap-topk-fastpath-vector2d,rows=3 cols=1024,zipf,1.1,10000,3162278,0.96875,0.0
topk,cms-heap-topk-fastpath-vector2d,rows=3 cols=1024,zipf,1.1,10000,5623413,0.96875,0.0
topk,cms-heap-topk-fastpath-vector2d,rows=3 cols=1024,zipf,1.1,10000,10000000,0.96875,0.0
topk,cms-heap-topk-fastpath-vector2d,rows=3 cols=1024,zipf,1.1,10000,17782794,0.96875,0.0
topk,cms-heap-topk-fastpath-vector2d,rows=3 cols=1024,zipf,1.1,10000,31622777,0.96875,0.0
topk,cms-heap-topk-fastpath-vector2d,rows=3 cols=1024,zipf,1.1,10000,56234133,0.96875,0.0
topk,cms-heap-topk-fastpath-vector2d,rows=3 cols=1024,zipf,1.1,10000,100000000,0.96875,0.0
topk,cms-heap-topk-fastpath-vector2d,rows=3 cols=1024,zipf,1.1,10000,177827941,0.96875,0.0
topk,cms-heap-topk-fastpath-vector2d,rows=3 cols=1024,zipf,1.1,10000,316227766,0.96875,0.0
topk,cms-heap-topk-fastpath-vector2d,rows=3 cols=1024,zipf,1.1,10000,562341325,0.96875,0.0
topk,cms-heap-topk-fastpath-vector2d,rows=3 cols=1024,zipf,1.1,10000,1000000000,0.96875,0.0
topk,cms-heap-topk-fastpath-vector2d,rows=3 cols=4096,zipf,1.1,10000,1000,0.9479166666666666,0.010416666666666668
topk,cms-heap-topk-fastpath-vector2d,rows=3 cols=4096,zipf,1.1,10000,1778,0.9791666666666666,0.010416666666666668
topk,cms-heap-topk-fastpath-vector2d,rows=3 cols=4096,zipf,1.1,10000,3162,0.9791666666666666,0.010416666666666668
topk,cms-heap-topk-fastpath-vector2d,rows=3 cols=4096,zipf,1.1,10000,5623,0.9895833333333334,0.010416666666666668
topk,cms-heap-topk-fastpath-vector2d,rows=3 cols=4096,zipf,1.1,10000,10000,0.9895833333333334,0.010416666666666668
topk,cms-heap-topk-fastpath-vector2d,rows=3 cols=4096,zipf,1.1,10000,17783,1.0,0.0
topk,cms-heap-topk-fastpath-vector2d,rows=3 cols=4096,zipf,1.1,10000,31623,0.9895833333333334,0.010416666666666668
topk,cms-heap-topk-fastpath-vector2d,rows=3 cols=4096,zipf,1.1,10000,56234,1.0,0.0
topk,cms-heap-topk-fastpath-vector2d,rows=3 cols=4096,zipf,1.1,10000,100000,0.9895833333333334,0.010416666666666668
topk,cms-heap-topk-fastpath-vector2d,rows=3 cols=4096,zipf,1.1,10000,177828,1.0,0.0
topk,cms-heap-topk-fastpath-vector2d,rows=3 cols=4096,zipf,1.1,10000,316228,1.0,0.0
topk,cms-heap-topk-fastpath-vector2d,rows=3 cols=4096,zipf,1.1,10000,562341,1.0,0.0
topk,cms-heap-topk-fastpath-vector2d,rows=3 cols=4096,zipf,1.1,10000,1000000,1.0,0.0
topk,cms-heap-topk-fastpath-vector2d,rows=3 cols=4096,zipf,1.1,10000,1778279,1.0,0.0
topk,cms-heap-topk-fastpath-vector2d,rows=3 cols=4096,zipf,1.1,10000,3162278,1.0,0.0
topk,cms-heap-topk-fastpath-vector2d,rows=3 cols=4096,zipf,1.1,10000,5623413,1.0,0.0
topk,cms-heap-topk-fastpath-vector2d,rows=3 cols=4096,zipf,1.1,10000,10000000,1.0,0.0
topk,cms-heap-topk-fastpath-vector2d,rows=3 cols=4096,zipf,1.1,10000,17782794,1.0,0.0
topk,cms-heap-topk-fastpath-vector2d,rows=3 cols=4096,zipf,1.1,10000,31622777,1.0,0.0
topk,cms-heap-topk-fastpath-vector2d,rows=3 cols=4096,zipf,1.1,10000,56234133,1.0,0.0
topk,cms-heap-topk-fastpath-vector2d,rows=3 cols=4096,zipf,1.1,10000,100000000,1.0,0.0
topk,cms-heap-topk-fastpath-vector2d,rows=3 cols=4096,zipf,1.1,10000,177827941,1.0,0.0
topk,cms-heap-topk-fastpath-vector2d,rows=3 cols=4096,zipf,1.1,10000,316227766,1.0,0.0
topk,cms-heap-topk-fastpath-vector2d,rows=3 cols=4096,zipf,1.1,10000,562341325,1.0,0.0
topk,cms-heap-topk-fastpath-vector2d,rows=3 cols=4096,zipf,1.1,10000,1000000000,1.0,0.0
topk,cms-heap-topk-fastpath-vector2d,rows=3 cols=16384,zipf,1.1,10000,1000,0.9479166666666666,0.010416666666666668
topk,cms-heap-topk-fastpath-vector2d,rows=3 cols=16384,zipf,1.1,10000,1778,0.9791666666666666,0.010416666666666668
topk,cms-heap-topk-fastpath-vector2d,rows=3 cols=16384,zipf,1.1,10000,3162,0.9791666666666666,0.010416666666666668
topk,cms-heap-topk-fastpath-vector2d,rows=3 cols=16384,zipf,1.1,10000,5623,0.9895833333333334,0.010416666666666668
topk,cms-heap-topk-fastpath-vector2d,rows=3 cols=16384,zipf,1.1,10000,10000,0.9895833333333334,0.010416666666666668
topk,cms-heap-topk-fastpath-vector2d,rows=3 cols=16384,zipf,1.1,10000,17783,1.0,0.0
topk,cms-heap-topk-fastpath-vector2d,rows=3 cols=16384,zipf,1.1,10000,31623,1.0,0.0
topk,cms-heap-topk-fastpath-vector2d,rows=3 cols=16384,zipf,1.1,10000,56234,1.0,0.0
topk,cms-heap-topk-fastpath-vector2d,rows=3 cols=16384,zipf,1.1,10000,100000,0.9895833333333334,0.010416666666666668
topk,cms-heap-topk-fastpath-vector2d,rows=3 cols=16384,zipf,1.1,10000,177828,1.0,0.0
topk,cms-heap-topk-fastpath-vector2d,rows=3 cols=16384,zipf,1.1,10000,316228,1.0,0.0
topk,cms-heap-topk-fastpath-vector2d,rows=3 cols=16384,zipf,1.1,10000,562341,1.0,0.0
topk,cms-heap-topk-fastpath-vector2d,rows=3 cols=16384,zipf,1.1,10000,1000000,1.0,0.0
topk,cms-heap-topk-fastpath-vector2d,rows=3 cols=16384,zipf,1.1,10000,1778279,1.0,0.0
topk,cms-heap-topk-fastpath-vector2d,rows=3 cols=16384,zipf,1.1,10000,3162278,1.0,0.0
topk,cms-heap-topk-fastpath-vector2d,rows=3 cols=16384,zipf,1.1,10000,5623413,1.0,0.0
topk,cms-heap-topk-fastpath-vector2d,rows=3 cols=16384,zipf,1.1,10000,10000000,1.0,0.0
topk,cms-heap-topk-fastpath-vector2d,rows=3 cols=16384,zipf,1.1,10000,17782794,1.0,0.0
topk,cms-heap-topk-fastpath-vector2d,rows=3 cols=16384,zipf,1.1,10000,31622777,1.0,0.0
topk,cms-heap-topk-fastpath-vector2d,rows=3 cols=16384,zipf,1.1,10000,56234133,1.0,0.0
topk,cms-heap-topk-fastpath-vector2d,rows=3 cols=16384,zipf,1.1,10000,100000000,1.0,0.0
topk,cms-heap-topk-fastpath-vector2d,rows=3 cols=16384,zipf,1.1,10000,177827941,1.0,0.0
topk,cms-heap-topk-fastpath-vector2d,rows=3 cols=16384,zipf,1.1,10000,316227766,1.0,0.0
topk,cms-heap-topk-fastpath-vector2d,rows=3 cols=16384,zipf,1.1,10000,562341325,1.0,0.0
topk,cms-heap-topk-fastpath-vector2d,rows=3 cols=16384,zipf,1.1,10000,1000000000,1.0,0.0
topk,cms-heap-topk-fastpath-vector2d,rows=5 cols=256,zipf,1.1,10000,1000,0.875,0.047735163489123336
topk,cms-heap-topk-fastpath-vector2d,rows=5 cols=256,zipf,1.1,10000,1778,0.90625,0.018042195912175804
topk,cms-heap-topk-fastpath-vector2d,rows=5 cols=256,zipf,1.1,10000,3162,0.9375,0.018042195912175804
topk,cms-heap-topk-fastpath-vector2d,rows=5 cols=256,zipf,1.1,10000,5623,0.9270833333333334,0.010416666666666668
topk,cms-heap-topk-fastpath-vector2d,rows=5 cols=256,zipf,1.1,10000,10000,0.9270833333333334,0.027559909490256152
topk,cms-heap-topk-fastpath-vector2d,rows=5 cols=256,zipf,1.1,10000,17783,0.96875,0.0
topk,cms-heap-topk-fastpath-vector2d,rows=5 cols=256,zipf,1.1,10000,31623,0.9583333333333334,0.010416666666666668
topk,cms-heap-topk-fastpath-vector2d,rows=5 cols=256,zipf,1.1,10000,56234,0.9583333333333334,0.02755990949025615
topk,cms-heap-topk-fastpath-vector2d,rows=5 cols=256,zipf,1.1,10000,100000,0.96875,0.0
topk,cms-heap-topk-fastpath-vector2d,rows=5 cols=256,zipf,1.1,10000,177828,0.9583333333333334,0.010416666666666668
topk,cms-heap-topk-fastpath-vector2d,rows=5 cols=256,zipf,1.1,10000,316228,0.9583333333333334,0.010416666666666668
topk,cms-heap-topk-fastpath-vector2d,rows=5 cols=256,zipf,1.1,10000,562341,0.9583333333333334,0.010416666666666668
topk,cms-heap-topk-fastpath-vector2d,rows=5 cols=256,zipf,1.1,10000,1000000,0.9583333333333334,0.010416666666666668
topk,cms-heap-topk-fastpath-vector2d,rows=5 cols=256,zipf,1.1,10000,1778279,0.96875,0.0
topk,cms-heap-topk-fastpath-vector2d,rows=5 cols=256,zipf,1.1,10000,3162278,0.9583333333333334,0.010416666666666668
topk,cms-heap-topk-fastpath-vector2d,rows=5 cols=256,zipf,1.1,10000,5623413,0.96875,0.0
topk,cms-heap-topk-fastpath-vector2d,rows=5 cols=256,zipf,1.1,10000,10000000,0.9583333333333334,0.010416666666666668
topk,cms-heap-topk-fastpath-vector2d,rows=5 cols=256,zipf,1.1,10000,17782794,0.9583333333333334,0.010416666666666668
topk,cms-heap-topk-fastpath-vector2d,rows=5 cols=256,zipf,1.1,10000,31622777,0.96875,0.0
topk,cms-heap-topk-fastpath-vector2d,rows=5 cols=256,zipf,1.1,10000,56234133,0.9583333333333334,0.010416666666666668
topk,cms-heap-topk-fastpath-vector2d,rows=5 cols=256,zipf,1.1,10000,100000000,0.96875,0.0
topk,cms-heap-topk-fastpath-vector2d,rows=5 cols=256,zipf,1.1,10000,177827941,0.96875,0.0
topk,cms-heap-topk-fastpath-vector2d,rows=5 cols=256,zipf,1.1,10000,316227766,0.96875,0.0
topk,cms-heap-topk-fastpath-vector2d,rows=5 cols=256,zipf,1.1,10000,562341325,0.96875,0.0
topk,cms-heap-topk-fastpath-vector2d,rows=5 cols=256,zipf,1.1,10000,1000000000,0.96875,0.0
topk,cms-heap-topk-fastpath-vector2d,rows=5 cols=1024,zipf,1.1,10000,1000,0.9479166666666666,0.010416666666666668
topk,cms-heap-topk-fastpath-vector2d,rows=5 cols=1024,zipf,1.1,10000,1778,0.9791666666666666,0.010416666666666668
topk,cms-heap-topk-fastpath-vector2d,rows=5 cols=1024,zipf,1.1,10000,3162,0.96875,0.018042195912175804
topk,cms-heap-topk-fastpath-vector2d,rows=5 cols=1024,zipf,1.1,10000,5623,0.9895833333333334,0.010416666666666668
topk,cms-heap-topk-fastpath-vector2d,rows=5 cols=1024,zipf,1.1,10000,10000,0.9791666666666666,0.010416666666666668
topk,cms-heap-topk-fastpath-vector2d,rows=5 cols=1024,zipf,1.1,10000,17783,0.9791666666666666,0.010416666666666668
topk,cms-heap-topk-fastpath-vector2d,rows=5 cols=1024,zipf,1.1,10000,31623,0.9895833333333334,0.010416666666666668
topk,cms-heap-topk-fastpath-vector2d,rows=5 cols=1024,zipf,1.1,10000,56234,1.0,0.0
topk,cms-heap-topk-fastpath-vector2d,rows=5 cols=1024,zipf,1.1,10000,100000,0.9895833333333334,0.010416666666666668
topk,cms-heap-topk-fastpath-vector2d,rows=5 cols=1024,zipf,1.1,10000,177828,1.0,0.0
topk,cms-heap-topk-fastpath-vector2d,rows=5 cols=1024,zipf,1.1,10000,316228,1.0,0.0
topk,cms-heap-topk-fastpath-vector2d,rows=5 cols=1024,zipf,1.1,10000,562341,1.0,0.0
topk,cms-heap-topk-fastpath-vector2d,rows=5 cols=1024,zipf,1.1,10000,1000000,1.0,0.0
topk,cms-heap-topk-fastpath-vector2d,rows=5 cols=1024,zipf,1.1,10000,1778279,0.9895833333333334,0.010416666666666668
topk,cms-heap-topk-fastpath-vector2d,rows=5 cols=1024,zipf,1.1,10000,3162278,0.9895833333333334,0.010416666666666668
topk,cms-heap-topk-fastpath-vector2d,rows=5 cols=1024,zipf,1.1,10000,5623413,0.9895833333333334,0.010416666666666668
topk,cms-heap-topk-fastpath-vector2d,rows=5 cols=1024,zipf,1.1,10000,10000000,1.0,0.0
topk,cms-heap-topk-fastpath-vector2d,rows=5 cols=1024,zipf,1.1,10000,17782794,1.0,0.0
topk,cms-heap-topk-fastpath-vector2d,rows=5 cols=1024,zipf,1.1,10000,31622777,1.0,0.0
topk,cms-heap-topk-fastpath-vector2d,rows=5 cols=1024,zipf,1.1,10000,56234133,1.0,0.0
topk,cms-heap-topk-fastpath-vector2d,rows=5 cols=1024,zipf,1.1,10000,100000000,1.0,0.0
topk,cms-heap-topk-fastpath-vector2d,rows=5 cols=1024,zipf,1.1,10000,177827941,1.0,0.0
topk,cms-heap-topk-fastpath-vector2d,rows=5 cols=1024,zipf,1.1,10000,316227766,1.0,0.0
topk,cms-heap-topk-fastpath-vector2d,rows=5 cols=1024,zipf,1.1,10000,562341325,1.0,0.0
topk,cms-heap-topk-fastpath-vector2d,rows=5 cols=1024,zipf,1.1,10000,1000000000,1.0,0.0
topk,cms-heap-topk-fastpath-vector2d,rows=5 cols=4096,zipf,1.1,10000,1000,0.9479166666666666,0.010416666666666668
topk,cms-heap-topk-fastpath-vector2d,rows=5 cols=4096,zipf,1.1,10000,1778,0.9791666666666666,0.010416666666666668
topk,cms-heap-topk-fastpath-vector2d,rows=5 cols=4096,zipf,1.1,10000,3162,0.9791666666666666,0.010416666666666668
topk,cms-heap-topk-fastpath-vector2d,rows=5 cols=4096,zipf,1.1,10000,5623,0.9895833333333334,0.010416666666666668
topk,cms-heap-topk-fastpath-vector2d,rows=5 cols=4096,zipf,1.1,10000,10000,0.9895833333333334,0.010416666666666668
topk,cms-heap-topk-fastpath-vector2d,rows=5 cols=4096,zipf,1.1,10000,17783,1.0,0.0
topk,cms-heap-topk-fastpath-vector2d,rows=5 cols=4096,zipf,1.1,10000,31623,1.0,0.0
topk,cms-heap-topk-fastpath-vector2d,rows=5 cols=4096,zipf,1.1,10000,56234,1.0,0.0
topk,cms-heap-topk-fastpath-vector2d,rows=5 cols=4096,zipf,1.1,10000,100000,0.9791666666666666,0.010416666666666668
topk,cms-heap-topk-fastpath-vector2d,rows=5 cols=4096,zipf,1.1,10000,177828,1.0,0.0
topk,cms-heap-topk-fastpath-vector2d,rows=5 cols=4096,zipf,1.1,10000,316228,1.0,0.0
topk,cms-heap-topk-fastpath-vector2d,rows=5 cols=4096,zipf,1.1,10000,562341,1.0,0.0
topk,cms-heap-topk-fastpath-vector2d,rows=5 cols=4096,zipf,1.1,10000,1000000,1.0,0.0
topk,cms-heap-topk-fastpath-vector2d,rows=5 cols=4096,zipf,1.1,10000,1778279,1.0,0.0
topk,cms-heap-topk-fastpath-vector2d,rows=5 cols=4096,zipf,1.1,10000,3162278,1.0,0.0
topk,cms-heap-topk-fastpath-vector2d,rows=5 cols=4096,zipf,1.1,10000,5623413,1.0,0.0
topk,cms-heap-topk-fastpath-vector2d,rows=5 cols=4096,zipf,1.1,10000,10000000,1.0,0.0
topk,cms-heap-topk-fastpath-vector2d,rows=5 cols=4096,zipf,1.1,10000,17782794,1.0,0.0
topk,cms-heap-topk-fastpath-vector2d,rows=5 cols=4096,zipf,1.1,10000,31622777,1.0,0.0
topk,cms-heap-topk-fastpath-vector2d,rows=5 cols=4096,zipf,1.1,10000,56234133,1.0,0.0
topk,cms-heap-topk-fastpath-vector2d,rows=5 cols=4096,zipf,1.1,10000,100000000,1.0,0.0
topk,cms-heap-topk-fastpath-vector2d,rows=5 cols=4096,zipf,1.1,10000,177827941,1.0,0.0
topk,cms-heap-topk-fastpath-vector2d,rows=5 cols=4096,zipf,1.1,10000,316227766,1.0,0.0
topk,cms-heap-topk-fastpath-vector2d,rows=5 cols=4096,zipf,1.1,10000,562341325,1.0,0.0
topk,cms-heap-topk-fastpath-vector2d,rows=5 cols=4096,zipf,1.1,10000,1000000000,1.0,0.0
topk,cms-heap-topk-fastpath-vector2d,rows=5 cols=16384,zipf,1.1,10000,1000,0.9479166666666666,0.010416666666666668
topk,cms-heap-topk-fastpath-vector2d,rows=5 cols=16384,zipf,1.1,10000,1778,0.9791666666666666,0.010416666666666668
topk,cms-heap-topk-fastpath-vector2d,rows=5 cols=16384,zipf,1.1,10000,3162,0.9791666666666666,0.010416666666666668
topk,cms-heap-topk-fastpath-vector2d,rows=5 cols=16384,zipf,1.1,10000,5623,0.9895833333333334,0.010416666666666668
topk,cms-heap-topk-fastpath-vector2d,rows=5 cols=16384,zipf,1.1,10000,10000,0.9895833333333334,0.010416666666666668
topk,cms-heap-topk-fastpath-vector2d,rows=5 cols=16384,zipf,1.1,10000,17783,1.0,0.0
topk,cms-heap-topk-fastpath-vector2d,rows=5 cols=16384,zipf,1.1,10000,31623,1.0,0.0
topk,cms-heap-topk-fastpath-vector2d,rows=5 cols=16384,zipf,1.1,10000,56234,1.0,0.0
topk,cms-heap-topk-fastpath-vector2d,rows=5 cols=16384,zipf,1.1,10000,100000,0.9895833333333334,0.010416666666666668
topk,cms-heap-topk-fastpath-vector2d,rows=5 cols=16384,zipf,1.1,10000,177828,1.0,0.0
topk,cms-heap-topk-fastpath-vector2d,rows=5 cols=16384,zipf,1.1,10000,316228,1.0,0.0
topk,cms-heap-topk-fastpath-vector2d,rows=5 cols=16384,zipf,1.1,10000,562341,1.0,0.0
topk,cms-heap-topk-fastpath-vector2d,rows=5 cols=16384,zipf,1.1,10000,1000000,1.0,0.0
topk,cms-heap-topk-fastpath-vector2d,rows=5 cols=16384,zipf,1.1,10000,1778279,1.0,0.0
topk,cms-heap-topk-fastpath-vector2d,rows=5 cols=16384,zipf,1.1,10000,3162278,1.0,0.0
topk,cms-heap-topk-fastpath-vector2d,rows=5 cols=16384,zipf,1.1,10000,5623413,1.0,0.0
topk,cms-heap-topk-fastpath-vector2d,rows=5 cols=16384,zipf,1.1,10000,10000000,1.0,0.0
topk,cms-heap-topk-fastpath-vector2d,rows=5 cols=16384,zipf,1.1,10000,17782794,1.0,0.0
topk,cms-heap-topk-fastpath-vector2d,rows=5 cols=16384,zipf,1.1,10000,31622777,1.0,0.0
topk,cms-heap-topk-fastpath-vector2d,rows=5 cols=16384,zipf,1.1,10000,56234133,1.0,0.0
topk,cms-heap-topk-fastpath-vector2d,rows=5 cols=16384,zipf,1.1,10000,100000000,1.0,0.0
topk,cms-heap-topk-fastpath-vector2d,rows=5 cols=16384,zipf,1.1,10000,177827941,1.0,0.0
topk,cms-heap-topk-fastpath-vector2d,rows=5 cols=16384,zipf,1.1,10000,316227766,1.0,0.0
topk,cms-heap-topk-fastpath-vector2d,rows=5 cols=16384,zipf,1.1,10000,562341325,1.0,0.0
topk,cms-heap-topk-fastpath-vector2d,rows=5 cols=16384,zipf,1.1,10000,1000000000,1.0,0.0
quantile,kll-percall,k=50,pareto,2.0,,1000,0.009452145214521451,0.0024223882872741907
quantile,kll-percall,k=50,pareto,2.0,,1778,0.015190353681037392,0.0016077784221274654
quantile,kll-percall,k=50,pareto,2.0,,3162,0.011204923148861373,0.0004095487053043244
quantile,kll-percall,k=50,pareto,2.0,,5623,0.012320537584613878,0.0020246668950270556
quantile,kll-percall,k=50,pareto,2.0,,10000,0.010367656765676567,0.0009956419649509776
quantile,kll-percall,k=50,pareto,2.0,,17783,0.007690743319397446,0.00024951618489268805
quantile,kll-percall,k=50,pareto,2.0,,31623,0.012480706850686961,0.002170659816492868
quantile,kll-percall,k=50,pareto,2.0,,56234,0.010050302537100101,0.0010902095778818966
quantile,kll-percall,k=50,pareto,2.0,,100000,0.010075775577557755,0.0015960978135276627
quantile,kll-percall,k=50,pareto,2.0,,177828,0.008906756860988747,0.00030270184530395146
quantile,kll-percall,k=50,pareto,2.0,,316228,0.011873721391897088,0.00047394885584348194
quantile,kll-percall,k=50,pareto,2.0,,562341,0.01415862841358904,0.0031045724303426447
quantile,kll-percall,k=50,pareto,2.0,,1000000,0.01338496699669967,0.0014883570819189031
quantile,kll-percall,k=50,pareto,2.0,,1778279,0.00994532535913849,0.0018684548234251034
quantile,kll-percall,k=50,pareto,2.0,,3162278,0.010269984467081656,0.0012706698230575007
quantile,kll-percall,k=50,pareto,2.0,,5623413,0.008738792850557486,0.0004216852074137174
quantile,kll-percall,k=50,pareto,2.0,,10000000,0.009150396039603959,0.00024578008683083616
quantile,kll-percall,k=50,pareto,2.0,,17782794,0.0134726459515169,0.002436230343782305
quantile,kll-percall,k=50,pareto,2.0,,31622777,0.011903529510008587,0.0009292781060569498
quantile,kll-percall,k=200,pareto,2.0,,1000,0.0013894389438943904,0.00014237395782259397
quantile,kll-percall,k=200,pareto,2.0,,1778,0.0017174709596943984,0.00019168761235385353
quantile,kll-percall,k=200,pareto,2.0,,3162,0.0018315266061710534,5.729664616404372e-05
quantile,kll-percall,k=200,pareto,2.0,,5623,0.0027924149341841515,0.00044345391481484785
quantile,kll-percall,k=200,pareto,2.0,,10000,0.0030138613861386138,0.00045824794307836785
quantile,kll-percall,k=200,pareto,2.0,,17783,0.002779574589073371,0.00013665845958036045
quantile,kll-percall,k=200,pareto,2.0,,31623,0.0030352161485003443,0.0003544217316273055
quantile,kll-percall,k=200,pareto,2.0,,56234,0.0023701996760119868,0.00018105664882319276
quantile,kll-percall,k=200,pareto,2.0,,100000,0.002295577557755776,0.0001752057746443391
quantile,kll-percall,k=200,pareto,2.0,,177828,0.0035486762118414413,0.00122607188013454
quantile,kll-percall,k=200,pareto,2.0,,316228,0.0022846898576040935,8.37900142818489e-05
quantile,kll-percall,k=200,pareto,2.0,,562341,0.0032248318751756555,0.0007121321015515556
quantile,kll-percall,k=200,pareto,2.0,,1000000,0.002953422442244224,0.00035132869759062034
quantile,kll-percall,k=200,pareto,2.0,,1778279,0.002165740968187956,0.00010473559941604433
quantile,kll-percall,k=200,pareto,2.0,,3162278,0.0029274736580890263,0.00032283293491764704
quantile,kll-percall,k=200,pareto,2.0,,5623413,0.00234800872215454,0.0002702471702436631
quantile,kll-percall,k=200,pareto,2.0,,10000000,0.002870761386138612,0.0003628133975818537
quantile,kll-percall,k=200,pareto,2.0,,17782794,0.0027370396803382234,0.00036694393798734746
quantile,kll-percall,k=200,pareto,2.0,,31622777,0.0032930911996395737,0.0006313814080168023
quantile,kll-percall,k=800,pareto,2.0,,1000,0.0,0.0
quantile,kll-percall,k=800,pareto,2.0,,1778,9.674533257600245e-05,1.353822843741705e-05
quantile,kll-percall,k=800,pareto,2.0,,3162,0.00027358713100911593,4.91595741708816e-05
quantile,kll-percall,k=800,pareto,2.0,,5623,0.0003078821131268384,3.802637121952928e-05
quantile,kll-percall,k=800,pareto,2.0,,10000,0.0005099009900990114,0.00012947350775432184
quantile,kll-percall,k=800,pareto,2.0,,17783,0.0004290577514142366,1.3170062196275788e-05
quantile,kll-percall,k=800,pareto,2.0,,31623,0.0005858031017028274,0.00022158873335777535
quantile,kll-percall,k=800,pareto,2.0,,56234,0.0004862073858984555,1.0898923518377961e-05
quantile,kll-percall,k=800,pareto,2.0,,100000,0.0005168976897689773,3.404464399823683e-05
quantile,kll-percall,k=800,pareto,2.0,,177828,0.000579921073286893,7.750059223654918e-05
quantile,kll-percall,k=800,pareto,2.0,,316228,0.0006138646423429053,0.00011871788578583319
quantile,kll-percall,k=800,pareto,2.0,,562341,0.0006013302253686405,8.310639933637153e-05
quantile,kll-percall,k=800,pareto,2.0,,1000000,0.0006066336633663368,0.0001247375892161142
quantile,kll-percall,k=800,pareto,2.0,,1778279,0.000815602581987635,0.00010522246361051135
quantile,kll-percall,k=800,pareto,2.0,,3162278,0.000766219293762783,0.0001517933559837938
quantile,kll-percall,k=800,pareto,2.0,,5623413,0.00046223908632154743,5.177916884687582e-05
quantile,kll-percall,k=800,pareto,2.0,,10000000,0.0005392448844884463,0.00011492272048469732
quantile,kll-percall,k=800,pareto,2.0,,17782794,0.0006706555248238412,0.0001289117973899332
quantile,kll-percall,k=800,pareto,2.0,,31622777,0.0006181762605163783,0.00016830356587177697
quantile,dd,alpha=0.005,pareto,2.0,,1000,0.0023412451704244905,0.00015421692380124016
quantile,dd,alpha=0.005,pareto,2.0,,1778,0.0023465435534479654,2.6942908352746086e-05
quantile,dd,alpha=0.005,pareto,2.0,,3162,0.002467262949886756,0.00012681926063537084
quantile,dd,alpha=0.005,pareto,2.0,,5623,0.002327584429689331,0.00013436906380818512
quantile,dd,alpha=0.005,pareto,2.0,,10000,0.0025461251022005295,3.99801007794583e-05
quantile,dd,alpha=0.005,pareto,2.0,,17783,0.0023828266439424903,6.692377497531822e-05
quantile,dd,alpha=0.005,pareto,2.0,,31623,0.0023955365381806023,6.24317356373201e-05
quantile,dd,alpha=0.005,pareto,2.0,,56234,0.002405581518796643,1.023757649439644e-05
quantile,dd,alpha=0.005,pareto,2.0,,100000,0.0023471881897485984,3.267254917033096e-05
quantile,dd,alpha=0.005,pareto,2.0,,177828,0.002256360567383326,5.732951140528264e-05
quantile,dd,alpha=0.005,pareto,2.0,,316228,0.0023010665661569517,2.4405461129249007e-05
quantile,dd,alpha=0.005,pareto,2.0,,562341,0.0022914660415391725,1.628050217863349e-05
quantile,dd,alpha=0.005,pareto,2.0,,1000000,0.0022870611112797393,2.6641671654765315e-05
quantile,dd,alpha=0.005,pareto,2.0,,1778279,0.0023265202280141678,9.604952662406315e-06
quantile,dd,alpha=0.005,pareto,2.0,,3162278,0.002326377582588165,2.2594919929096574e-05
quantile,dd,alpha=0.005,pareto,2.0,,5623413,0.002354243722302206,1.0554072868639202e-05
quantile,dd,alpha=0.005,pareto,2.0,,10000000,0.002315245161874252,1.62729668363203e-05
quantile,dd,alpha=0.005,pareto,2.0,,17782794,0.002303318934251374,7.915024135227423e-06
quantile,dd,alpha=0.005,pareto,2.0,,31622777,0.0023010639656919902,1.0429311063580137e-05
quantile,dd,alpha=0.01,pareto,2.0,,1000,0.004965239688507997,5.1935985799477e-05
quantile,dd,alpha=0.01,pareto,2.0,,1778,0.004859025003814218,3.6522279601470524e-05
quantile,dd,alpha=0.01,pareto,2.0,,3162,0.005009738977751446,6.266091342368838e-05
quantile,dd,alpha=0.01,pareto,2.0,,5623,0.004824033566759114,8.461938536852206e-05
quantile,dd,alpha=0.01,pareto,2.0,,10000,0.004954034772145925,3.41106579033375e-05
quantile,dd,alpha=0.01,pareto,2.0,,17783,0.004855492379659148,0.0001150390239876542
quantile,dd,alpha=0.01,pareto,2.0,,31623,0.004895323726308277,9.380750692852275e-05
quantile,dd,alpha=0.01,pareto,2.0,,56234,0.004871314590806031,2.093286340881674e-05
quantile,dd,alpha=0.01,pareto,2.0,,100000,0.004897812689894191,3.51256097516521e-05
quantile,dd,alpha=0.01,pareto,2.0,,177828,0.004964251713350004,3.141329064373166e-05
quantile,dd,alpha=0.01,pareto,2.0,,316228,0.004924401592580282,2.0866696355858243e-05
quantile,dd,alpha=0.01,pareto,2.0,,562341,0.0049409627829559545,2.9331933823149745e-05
quantile,dd,alpha=0.01,pareto,2.0,,1000000,0.00490212809561385,2.1035422975028234e-05
quantile,dd,alpha=0.01,pareto,2.0,,1778279,0.004927066874645481,1.0060052300654874e-05
quantile,dd,alpha=0.01,pareto,2.0,,3162278,0.004961475685011597,4.906070044597543e-06
quantile,dd,alpha=0.01,pareto,2.0,,5623413,0.00496646553631457,2.4245958622491817e-05
quantile,dd,alpha=0.01,pareto,2.0,,10000000,0.004927896047486782,2.003222127989332e-05
quantile,dd,alpha=0.01,pareto,2.0,,17782794,0.004949081839232949,1.6322688795743956e-05
quantile,dd,alpha=0.01,pareto,2.0,,31622777,0.004927219807981431,1.5704886144765823e-05
quantile,dd,alpha=0.02,pareto,2.0,,1000,0.009621356032364541,0.00020568962247120945
quantile,dd,alpha=0.02,pareto,2.0,,1778,0.009599947982597968,0.00010195448523644982
quantile,dd,alpha=0.02,pareto,2.0,,3162,0.009513047371558545,0.0001122306828449735
quantile,dd,alpha=0.02,pareto,2.0,,5623,0.00985879937516877,0.00014848718775090273
quantile,dd,alpha=0.02,pareto,2.0,,10000,0.00963615723725194,0.00031237724517646606
quantile,dd,alpha=0.02,pareto,2.0,,17783,0.00977544722661034,0.0002310469166230315
quantile,dd,alpha=0.02,pareto,2.0,,31623,0.009678947508439478,0.0001107244699678297
quantile,dd,alpha=0.02,pareto,2.0,,56234,0.009843901913330278,0.00020710105943548128
quantile,dd,alpha=0.02,pareto,2.0,,100000,0.009747694901105877,8.004555395637686e-05
quantile,dd,alpha=0.02,pareto,2.0,,177828,0.009664479186726282,0.00012334245890528847
quantile,dd,alpha=0.02,pareto,2.0,,316228,0.009601146068128312,6.901467608447292e-05
quantile,dd,alpha=0.02,pareto,2.0,,562341,0.00961919403611114,4.747884637115893e-05
quantile,dd,alpha=0.02,pareto,2.0,,1000000,0.009645356060512198,3.8166864909145145e-05
quantile,dd,alpha=0.02,pareto,2.0,,1778279,0.009681594559413503,1.4270770851851096e-05
quantile,dd,alpha=0.02,pareto,2.0,,3162278,0.009651197508856799,1.699630641728546e-05
quantile,dd,alpha=0.02,pareto,2.0,,5623413,0.009652027938045827,1.124623125994465e-05
quantile,dd,alpha=0.02,pareto,2.0,,10000000,0.00966367429530464,2.012196953502676e-05
quantile,dd,alpha=0.02,pareto,2.0,,17782794,0.009642152612898537,1.873103379261479e-05
quantile,dd,alpha=0.02,pareto,2.0,,31622777,0.009650384743271847,1.8329015298573335e-05
quantile,dd,alpha=0.05,pareto,2.0,,1000,0.02438454103914105,0.00018572955979078592
quantile,dd,alpha=0.05,pareto,2.0,,1778,0.02419715490756642,0.00023700702034294257
quantile,dd,alpha=0.05,pareto,2.0,,3162,0.024072569890789954,7.62224875095946e-05
quantile,dd,alpha=0.05,pareto,2.0,,5623,0.02422019392529458,0.00037498601616358664
quantile,dd,alpha=0.05,pareto,2.0,,10000,0.02405861630436142,0.00017707450702197783
quantile,dd,alpha=0.05,pareto,2.0,,17783,0.024345576414887635,0.00013704575083766014
quantile,dd,alpha=0.05,pareto,2.0,,31623,0.024497640379951873,0.00012719076835757346
quantile,dd,alpha=0.05,pareto,2.0,,56234,0.02453934370484225,9.028939974918943e-05
quantile,dd,alpha=0.05,pareto,2.0,,100000,0.024598555960074858,2.279371757176773e-05
quantile,dd,alpha=0.05,pareto,2.0,,177828,0.024575618226031798,8.636904771961644e-05
quantile,dd,alpha=0.05,pareto,2.0,,316228,0.024612288529129944,4.161301940193775e-05
quantile,dd,alpha=0.05,pareto,2.0,,562341,0.024606047048717345,1.2668685109497298e-05
quantile,dd,alpha=0.05,pareto,2.0,,1000000,0.024618048538218917,2.520559402800658e-05
quantile,dd,alpha=0.05,pareto,2.0,,1778279,0.024607821854097992,2.734565867191029e-05
quantile,dd,alpha=0.05,pareto,2.0,,3162278,0.024598411987266606,1.4826166697861728e-05
quantile,dd,alpha=0.05,pareto,2.0,,5623413,0.024617558469977447,8.443267320404347e-06
quantile,dd,alpha=0.05,pareto,2.0,,10000000,0.02463159649785922,1.5306481601510088e-05
quantile,dd,alpha=0.05,pareto,2.0,,17782794,0.024641172123603765,2.4928973650979424e-06
quantile,dd,alpha=0.05,pareto,2.0,,31622777,0.02464066557822502,7.854227198236808e-06
quantile,kll-percall,k=50,pareto,3.0,,1000,0.01311551155115511,0.0037174068373703305
quantile,kll-percall,k=50,pareto,3.0,,1778,0.008105113098486454,0.0012599948514300488
quantile,kll-percall,k=50,pareto,3.0,,3162,0.011729072337973835,0.002428633786885082
quantile,kll-percall,k=50,pareto,3.0,,5623,0.00964818000562283,0.001073342384223978
quantile,kll-percall,k=50,pareto,3.0,,10000,0.009347854785478548,0.0008106975057423458
quantile,kll-percall,k=50,pareto,3.0,,17783,0.0122042002884425,0.001592937621390661
quantile,kll-percall,k=50,pareto,3.0,,31623,0.012251636414945923,0.0006615211617680644
quantile,kll-percall,k=50,pareto,3.0,,56234,0.014533775709256382,0.0029258672432420653
quantile,kll-percall,k=50,pareto,3.0,,100000,0.010482343234323427,0.0009494886213494737
quantile,kll-percall,k=50,pareto,3.0,,177828,0.010395718902479355,0.0005499642450759058
quantile,kll-percall,k=50,pareto,3.0,,316228,0.011315011840685939,0.0011782189959703459
quantile,kll-percall,k=50,pareto,3.0,,562341,0.012228510057522792,0.002093240439770516
quantile,kll-percall,k=50,pareto,3.0,,1000000,0.013069171617161717,0.0019160732981742979
quantile,kll-percall,k=50,pareto,3.0,,1778279,0.008614947540307066,0.0003031065792334418
quantile,kll-percall,k=50,pareto,3.0,,3162278,0.009890445897529307,0.0012196103871708064
quantile,kll-percall,k=50,pareto,3.0,,5623413,0.012251328889628864,0.0022454356334943096
quantile,kll-percall,k=50,pareto,3.0,,10000000,0.010903958085808579,0.0006471450824994828
quantile,kll-percall,k=50,pareto,3.0,,17782794,0.008847265515869621,0.0009300471304676285
quantile,kll-percall,k=50,pareto,3.0,,31622777,0.010733608815784857,0.0005238699719929871
quantile,kll-percall,k=50,pareto,3.0,,56234133,0.010572697137460977,0.00223127529074826
quantile,kll-percall,k=50,pareto,3.0,,100000000,0.012376647128712873,0.0010995395847171515
quantile,kll-percall,k=50,pareto,3.0,,177827941,0.009983520907052977,0.0004569019017874517
quantile,kll-percall,k=50,pareto,3.0,,316227766,0.011272746316098071,0.0005901341398612067
quantile,kll-percall,k=200,pareto,3.0,,1000,0.0010759075907590765,0.00018797400483033872
quantile,kll-percall,k=200,pareto,3.0,,1778,0.001799292415180778,0.0002079664589132662
quantile,kll-percall,k=200,pareto,3.0,,3162,0.0017585477712856676,0.00012543899987540265
quantile,kll-percall,k=200,pareto,3.0,,5623,0.0026777515026978425,0.0002789331582625691
quantile,kll-percall,k=200,pareto,3.0,,10000,0.0028825082508250805,9.742013006274043e-05
quantile,kll-percall,k=200,pareto,3.0,,17783,0.0036655395843807493,0.0007111412644222774
quantile,kll-percall,k=200,pareto,3.0,,31623,0.002731709562190448,0.00013319348400795683
quantile,kll-percall,k=200,pareto,3.0,,56234,0.002157363191595327,0.0002949664455782382
quantile,kll-percall,k=200,pareto,3.0,,100000,0.00202085808580858,0.0002762906151979188
quantile,kll-percall,k=200,pareto,3.0,,177828,0.003501458857674687,0.0003312293724170995
quantile,kll-percall,k=200,pareto,3.0,,316228,0.002989564157473214,0.000770684330977812
quantile,kll-percall,k=200,pareto,3.0,,562341,0.0023873048665144334,0.00033228045969685595
quantile,kll-percall,k=200,pareto,3.0,,1000000,0.00245937293729373,0.00014424467851349167
quantile,kll-percall,k=200,pareto,3.0,,1778279,0.002394947466330398,0.00015801159867768482
quantile,kll-percall,k=200,pareto,3.0,,3162278,0.002959405144702089,0.00046909983604879395
quantile,kll-percall,k=200,pareto,3.0,,5623413,0.002286345830314521,0.00023269563034594893
quantile,kll-percall,k=200,pareto,3.0,,10000000,0.0030670577557755786,0.0006522524223458877
quantile,kll-percall,k=200,pareto,3.0,,17782794,0.002061204104754221,9.402751309765045e-05
quantile,kll-percall,k=200,pareto,3.0,,31622777,0.00397254823311975,0.00025638094720069885
quantile,kll-percall,k=200,pareto,3.0,,56234133,0.0026585338464734736,0.0001399590948611338
quantile,kll-percall,k=200,pareto,3.0,,100000000,0.0020166396039603966,0.00024902810115235146
quantile,kll-percall,k=200,pareto,3.0,,177827941,0.0021546840591039266,0.0001588384791092355
quantile,kll-percall,k=200,pareto,3.0,,316227766,0.0021257541223047276,9.366043275364247e-05
quantile,kll-percall,k=800,pareto,3.0,,1000,3.3003300330033004e-06,3.3003300330033004e-06
quantile,kll-percall,k=800,pareto,3.0,,1778,9.956676207553378e-05,9.745546292901836e-06
quantile,kll-percall,k=800,pareto,3.0,,3162,0.00022023075172792348,3.89989876807253e-05
quantile,kll-percall,k=800,pareto,3.0,,5623,0.0003391070033555021,4.0551395945254236e-05
quantile,kll-percall,k=800,pareto,3.0,,10000,0.0003808580858085796,2.5315919354145645e-05
quantile,kll-percall,k=800,pareto,3.0,,17783,0.0004502149028376384,8.000265533365632e-05
quantile,kll-percall,k=800,pareto,3.0,,31623,0.0005827149454343952,0.00018307489340612458
quantile,kll-percall,k=800,pareto,3.0,,56234,0.0005728784636474842,9.89597788867371e-05
quantile,kll-percall,k=800,pareto,3.0,,100000,0.0004086468646864688,3.953944139528897e-05
quantile,kll-percall,k=800,pareto,3.0,,177828,0.00042001872094895714,5.490494829097115e-05
quantile,kll-percall,k=800,pareto,3.0,,316228,0.0006568285881043936,9.3963245845187e-05
quantile,kll-percall,k=800,pareto,3.0,,562341,0.0005736589492758308,0.00015181852958248286
quantile,kll-percall,k=800,pareto,3.0,,1000000,0.0003928085808580859,4.309004482841885e-05
quantile,kll-percall,k=800,pareto,3.0,,1778279,0.00046136254217252144,4.938881945390179e-05
quantile,kll-percall,k=800,pareto,3.0,,3162278,0.0004401738699806015,0.0001430442501064067
quantile,kll-percall,k=800,pareto,3.0,,5623413,0.0005358777045479347,0.00014964887713494004
quantile,kll-percall,k=800,pareto,3.0,,10000000,0.0004085544554455409,3.6569679074853825e-05
quantile,kll-percall,k=800,pareto,3.0,,17782794,0.00042177641130542403,2.5301076803214295e-05
quantile,kll-percall,k=800,pareto,3.0,,31622777,0.0003336534511143032,1.56532557567218e-05
quantile,kll-percall,k=800,pareto,3.0,,56234133,0.00038090410109440346,0.00013132466405581535
quantile,kll-percall,k=800,pareto,3.0,,100000000,0.00036595788778877834,7.042260894284119e-05
quantile,kll-percall,k=800,pareto,3.0,,177827941,0.0003809398925260728,3.3542804048713045e-05
quantile,kll-percall,k=800,pareto,3.0,,316227766,0.00038667884608452183,2.4865442776242876e-05
quantile,dd,alpha=0.005,pareto,3.0,,1000,0.002497897083690923,7.088034641821136e-05
quantile,dd,alpha=0.005,pareto,3.0,,1778,0.0023921349803561506,1.5846230855129044e-05
quantile,dd,alpha=0.005,pareto,3.0,,3162,0.002548761274731155,3.106383437175899e-05
quantile,dd,alpha=0.005,pareto,3.0,,5623,0.002391538613573578,3.913313796581374e-05
quantile,dd,alpha=0.005,pareto,3.0,,10000,0.0024696755587619874,0.00011436638996217545
quantile,dd,alpha=0.005,pareto,3.0,,17783,0.002374721682724868,4.875178105897219e-05
quantile,dd,alpha=0.005,pareto,3.0,,31623,0.002461675430861817,2.5818808042538817e-05
quantile,dd,alpha=0.005,pareto,3.0,,56234,0.0023848370829977392,5.725706518070937e-05
quantile,dd,alpha=0.005,pareto,3.0,,100000,0.002486240817349316,3.848855902224955e-05
quantile,dd,alpha=0.005,pareto,3.0,,177828,0.002459702749718872,6.060616957665537e-05
quantile,dd,alpha=0.005,pareto,3.0,,316228,0.002529333473914576,2.0327401095328212e-05
quantile,dd,alpha=0.005,pareto,3.0,,562341,0.0024746213359652033,2.2540579393938288e-05
quantile,dd,alpha=0.005,pareto,3.0,,1000000,0.0024882265911625426,2.9503053266544315e-05
quantile,dd,alpha=0.005,pareto,3.0,,1778279,0.0025042829818767262,1.0529352286076669e-05
quantile,dd,alpha=0.005,pareto,3.0,,3162278,0.002495660116919251,2.9148752358337193e-05
quantile,dd,alpha=0.005,pareto,3.0,,5623413,0.002505746556692377,1.4605927257726904e-05
quantile,dd,alpha=0.005,pareto,3.0,,10000000,0.0025030841233706514,4.041710557336501e-06
quantile,dd,alpha=0.005,pareto,3.0,,17782794,0.0024873787796611114,9.755450047554634e-06
quantile,dd,alpha=0.005,pareto,3.0,,31622777,0.0024763822733884495,1.1654924692524698e-05
quantile,dd,alpha=0.005,pareto,3.0,,56234133,0.0024784518179091137,9.520947966585272e-06
quantile,dd,alpha=0.005,pareto,3.0,,100000000,0.0024802420070562273,1.0287685446589196e-05
quantile,dd,alpha=0.005,pareto,3.0,,177827941,0.0024869205426092983,5.608706494240591e-06
quantile,dd,alpha=0.005,pareto,3.0,,316227766,0.0024845866734421245,2.107736678296491e-06
quantile,dd,alpha=0.01,pareto,3.0,,1000,0.004779131829498985,3.64636449544863e-05
quantile,dd,alpha=0.01,pareto,3.0,,1778,0.0049344138416168234,2.866782006101956e-05
quantile,dd,alpha=0.01,pareto,3.0,,3162,0.004906710757222563,3.4353485419344004e-05
quantile,dd,alpha=0.01,pareto,3.0,,5623,0.0049033291680182145,0.00019660152695105313
quantile,dd,alpha=0.01,pareto,3.0,,10000,0.004640577334649261,0.00016868646552403529
quantile,dd,alpha=0.01,pareto,3.0,,17783,0.004739586815567865,6.529525907364659e-05
quantile,dd,alpha=0.01,pareto,3.0,,31623,0.004881188055368563,7.628552931506038e-05
quantile,dd,alpha=0.01,pareto,3.0,,56234,0.004847887311202157,7.309117632288101e-05
quantile,dd,alpha=0.01,pareto,3.0,,100000,0.004921560790769923,5.300683613195534e-05
quantile,dd,alpha=0.01,pareto,3.0,,177828,0.004951250199565668,3.480934192866285e-05
quantile,dd,alpha=0.01,pareto,3.0,,316228,0.004990052285131613,5.29009169074851e-05
quantile,dd,alpha=0.01,pareto,3.0,,562341,0.005008452212102014,1.9371218478261637e-05
quantile,dd,alpha=0.01,pareto,3.0,,1000000,0.005027118706729574,1.014805555924862e-05
quantile,dd,alpha=0.01,pareto,3.0,,1778279,0.005015027053823724,2.16001532609824e-05
quantile,dd,alpha=0.01,pareto,3.0,,3162278,0.005019679824762985,9.259174158947405e-06
quantile,dd,alpha=0.01,pareto,3.0,,5623413,0.004993914206988905,1.0942014048486481e-05
quantile,dd,alpha=0.01,pareto,3.0,,10000000,0.0050048841309483245,1.1551663792800821e-05
quantile,dd,alpha=0.01,pareto,3.0,,17782794,0.004995399593737214,1.0885271727778424e-05
quantile,dd,alpha=0.01,pareto,3.0,,31622777,0.004998677419928337,4.528710747215748e-06
quantile,dd,alpha=0.01,pareto,3.0,,56234133,0.005010732519274131,1.5589022290395543e-06
quantile,dd,alpha=0.01,pareto,3.0,,100000000,0.0049995756333265735,7.340196621021281e-06
quantile,dd,alpha=0.01,pareto,3.0,,177827941,0.005000139146470313,2.8384316081306143e-06
quantile,dd,alpha=0.01,pareto,3.0,,316227766,0.005007220316037436,4.6143448656844065e-06
quantile,dd,alpha=0.02,pareto,3.0,,1000,0.009692039356438068,0.0002196559177898699
quantile,dd,alpha=0.02,pareto,3.0,,1778,0.009538731469123997,4.41558922431069e-05
quantile,dd,alpha=0.02,pareto,3.0,,3162,0.009376521092842463,8.131563292808476e-05
quantile,dd,alpha=0.02,pareto,3.0,,5623,0.009911090329877928,0.000197840906676295
quantile,dd,alpha=0.02,pareto,3.0,,10000,0.009789309185114616,2.567008815678925e-05
quantile,dd,alpha=0.02,pareto,3.0,,17783,0.009697011228071215,0.00012001529198969753
quantile,dd,alpha=0.02,pareto,3.0,,31623,0.009744260632427773,4.193425350960549e-05
quantile,dd,alpha=0.02,pareto,3.0,,56234,0.009691750278075952,2.3296562508994938e-05
quantile,dd,alpha=0.02,pareto,3.0,,100000,0.00973507564890149,0.00012439378541957659
quantile,dd,alpha=0.02,pareto,3.0,,177828,0.009751157987239883,7.3322775769131e-05
quantile,dd,alpha=0.02,pareto,3.0,,316228,0.009797740249154955,3.698769204901673e-05
quantile,dd,alpha=0.02,pareto,3.0,,562341,0.00980210077646841,5.415198887703573e-05
quantile,dd,alpha=0.02,pareto,3.0,,1000000,0.009771020747097544,7.973366028453362e-06
quantile,dd,alpha=0.02,pareto,3.0,,1778279,0.009763414640410103,2.8645524011171847e-05
quantile,dd,alpha=0.02,pareto,3.0,,3162278,0.00976857149703775,1.2710169219467637e-05
quantile,dd,alpha=0.02,pareto,3.0,,5623413,0.00976051128472574,1.5461332206193086e-05
quantile,dd,alpha=0.02,pareto,3.0,,10000000,0.009761265753527077,1.3706421657231653e-05
quantile,dd,alpha=0.02,pareto,3.0,,17782794,0.009754996439865502,7.114188406665147e-06
quantile,dd,alpha=0.02,pareto,3.0,,31622777,0.009753285266731014,3.8758654532015764e-06
quantile,dd,alpha=0.02,pareto,3.0,,56234133,0.009759120330303036,6.00713508776775e-06
quantile,dd,alpha=0.02,pareto,3.0,,100000000,0.009763176504236278,5.547799294649634e-06
quantile,dd,alpha=0.02,pareto,3.0,,177827941,0.009761532753877327,1.4765375088245642e-06
quantile,dd,alpha=0.02,pareto,3.0,,316227766,0.009765569868380548,1.7047439800492408e-06
quantile,dd,alpha=0.05,pareto,3.0,,1000,0.024535037961641703,0.0005302892682832607
quantile,dd,alpha=0.05,pareto,3.0,,1778,0.024622807581823624,0.00013574470992768034
quantile,dd,alpha=0.05,pareto,3.0,,3162,0.02415726815615897,0.0001867437063174704
quantile,dd,alpha=0.05,pareto,3.0,,5623,0.024525312909477667,0.0001699798233645627
quantile,dd,alpha=0.05,pareto,3.0,,10000,0.024291411202431085,6.881584454131073e-05
quantile,dd,alpha=0.05,pareto,3.0,,17783,0.024347300317061994,0.0001867759954039011
quantile,dd,alpha=0.05,pareto,3.0,,31623,0.02456337145681126,5.9553735339659576e-05
quantile,dd,alpha=0.05,pareto,3.0,,56234,0.024571370180922935,5.786984405985921e-05
quantile,dd,alpha=0.05,pareto,3.0,,100000,0.0244999966779498,5.583541677049393e-05
quantile,dd,alpha=0.05,pareto,3.0,,177828,0.02442989957223651,6.894227448830981e-05
quantile,dd,alpha=0.05,pareto,3.0,,316228,0.024473127247962283,2.35456904109978e-05
quantile,dd,alpha=0.05,pareto,3.0,,562341,0.024477689134293285,3.2064686833767334e-05
quantile,dd,alpha=0.05,pareto,3.0,,1000000,0.024499401847360533,1.5634745806418217e-05
quantile,dd,alpha=0.05,pareto,3.0,,1778279,0.024483762920530523,1.6198208625243965e-05
quantile,dd,alpha=0.05,pareto,3.0,,3162278,0.024511203757437098,1.7663396942931932e-06
quantile,dd,alpha=0.05,pareto,3.0,,5623413,0.024515803174319496,9.275022080026896e-06
quantile,dd,alpha=0.05,pareto,3.0,,10000000,0.024517607831075105,5.393056150724128e-06
quantile,dd,alpha=0.05,pareto,3.0,,17782794,0.024505418035068904,9.591515366296973e-06
quantile,dd,alpha=0.05,pareto,3.0,,31622777,0.024522726125592892,5.212872186790248e-06
quantile,dd,alpha=0.05,pareto,3.0,,56234133,0.02453459431054833,9.00989506916387e-06
quantile,dd,alpha=0.05,pareto,3.0,,100000000,0.024529602734025113,2.330330399161457e-06
quantile,dd,alpha=0.05,pareto,3.0,,177827941,0.024532286264359455,3.3530398959089658e-06
quantile,dd,alpha=0.05,pareto,3.0,,316227766,0.024532785099746105,2.45937547900963e-06
