dataset,query_id,range,family,config,est_error,target,meets_target,n_sat,flags,memory_bytes,insert_ns_per_item,merge_us_per_fold,query_phase_us,grid_param,grid_K,N,shards
alibaba_v2022,mcr_by_msname,instant,cms,rows=3 cols=16384,0.020760829338153652,0.05,True,316228,,196608.0,22.54083333333333,28.933333333333334,2420.0,0.8,100000,521344,1
alibaba_v2022,mcr_by_msname,instant,countsketch,rows=3 cols=4096,0.04153682919157856,0.05,True,562341,not saturated at min_N,49152.0,26.3713,5.977777777777778,5111.666666666666,0.8,100000,521344,1
alibaba_v2022,mcr_by_msname,instant,topk,rows=5 cols=1024,0.9895833333333334,0.95,True,5623,cost scaled from rows=3,20480.0,482.89444444444445,152.5555555555556,8.333333333333334,0.8,100000,521344,1
alibaba_v2022,mcr_by_msname,5m,cms,rows=3 cols=4096,0.044913144197755384,0.05,True,177828,extrapolated beyond N=1e+07,49152.0,22.33483333333333,5.977777777777778,2233.0,1.0,100000,20040209,5
alibaba_v2022,mcr_by_msname,5m,countsketch,rows=3 cols=4096,0.018155593895840188,0.05,True,316228,extrapolated beyond N=1e+07,49152.0,26.39866666666667,6.177777777777778,5108.333333333334,1.0,100000,20040209,5
alibaba_v2022,mcr_by_msname,5m,topk,rows=3 cols=1024,0.96875,0.95,True,1778,no merge curve for point; single-sketch curve optimistic,12288.0,660.1273666666667,94.97777777777777,5.333333333333333,1.0,100000,20040209,5
alibaba_v2022,mcr_by_msname,1h,cms,rows=3 cols=4096,0.044913144197755384,0.05,True,177828,extrapolated beyond N=1e+07,49152.0,22.33483333333333,5.977777777777778,2233.0,1.0,100000,166100193,60
alibaba_v2022,mcr_by_msname,1h,countsketch,rows=3 cols=4096,0.018155593895840188,0.05,True,316228,extrapolated beyond N=1e+07,49152.0,26.39866666666667,6.177777777777778,5108.333333333334,1.0,100000,166100193,60
alibaba_v2022,mcr_by_msname,1h,topk,rows=3 cols=1024,0.96875,0.95,True,1778,no merge curve for point; single-sketch curve optimistic,12288.0,660.1273666666667,94.97777777777777,5.333333333333333,1.0,100000,166100193,60
alibaba_v2022,mcr_by_nodeid,instant,cms,rows=5 cols=16384,1.1753430524102333,0.05,False,56234133,target not met; not saturated at min_N; cost scaled from rows=3,327680.0,38.0,53.370370370370374,4237.222222222223,0.0,100000,521344,1
alibaba_v2022,mcr_by_nodeid,instant,countsketch,rows=5 cols=16384,0.40686253508409664,0.05,False,1778279,target not met; not saturated at min_N; cost scaled from rows=3,327680.0,44.283333333333324,48.85185185185186,8852.77777777778,0.0,100000,521344,1
alibaba_v2022,mcr_by_nodeid,instant,topk,rows=3 cols=16384,0.01809371296620448,0.95,False,316228,target not met,196608.0,95.22756666666666,103.06666666666668,5.666666666666666,0.0,100000,521344,1
alibaba_v2022,mcr_by_nodeid,5m,cms,rows=5 cols=16384,0.11674291755274485,0.05,False,316228,target not met; extrapolated beyond N=1e+07; cost scaled from rows=3,327680.0,37.69855555555556,52.296296296296305,4072.2222222222226,0.5,100000,20040209,5
alibaba_v2022,mcr_by_nodeid,5m,countsketch,rows=5 cols=16384,0.048418503893649385,0.05,True,562341,extrapolated beyond N=1e+07; cost scaled from rows=3,327680.0,44.27855555555554,49.55555555555556,9004.444444444445,0.5,100000,20040209,5
alibaba_v2022,mcr_by_nodeid,5m,topk,rows=3 cols=16384,0.9895833333333334,0.95,True,56234,no merge curve for point; single-sketch curve optimistic; extrapolated beyond N=1e+07,196608.0,109.67483333333332,117.08888888888889,6.0,0.5,100000,20040209,5
alibaba_v2022,mcr_by_nodeid,1h,cms,rows=5 cols=16384,0.11674291755274485,0.05,False,316228,target not met; extrapolated beyond N=1e+07; cost scaled from rows=3,327680.0,37.69855555555556,52.296296296296305,4072.2222222222226,0.5,100000,166100193,60
alibaba_v2022,mcr_by_nodeid,1h,countsketch,rows=5 cols=16384,0.048418503893649385,0.05,True,562341,extrapolated beyond N=1e+07; cost scaled from rows=3,327680.0,44.27855555555554,49.55555555555556,9004.444444444445,0.5,100000,166100193,60
alibaba_v2022,mcr_by_nodeid,1h,topk,rows=3 cols=16384,0.9895833333333334,0.95,True,56234,no merge curve for point; single-sketch curve optimistic; extrapolated beyond N=1e+07,196608.0,109.67483333333332,117.08888888888889,6.0,0.5,100000,166100193,60
alibaba_v2022,rt_p99_by_msname,instant,cms,rows=3 cols=16384,0.020760829338153652,0.05,True,316228,,196608.0,22.54083333333333,28.933333333333334,2420.0,0.8,100000,521344,1
alibaba_v2022,rt_p99_by_msname,instant,countsketch,rows=3 cols=4096,0.04153682919157856,0.05,True,562341,not saturated at min_N,49152.0,26.3713,5.977777777777778,5111.666666666666,0.8,100000,521344,1
alibaba_v2022,rt_p99_by_msname,instant,topk,rows=5 cols=1024,0.9895833333333334,0.95,True,5623,cost scaled from rows=3,20480.0,482.89444444444445,152.5555555555556,8.333333333333334,0.8,100000,521344,1
alibaba_v2022,rt_p99_by_msname,5m,cms,rows=3 cols=4096,0.014887852077571267,0.05,True,316228,extrapolated beyond N=1e+07,49152.0,22.375566666666668,5.933333333333334,2157.9999999999995,1.2,100000,20040209,5
alibaba_v2022,rt_p99_by_msname,5m,countsketch,rows=3 cols=1024,0.04947613038114032,0.05,True,100000,,12288.0,26.281399999999998,1.9555555555555557,4933.333333333334,1.2,100000,20040209,5
alibaba_v2022,rt_p99_by_msname,5m,topk,rows=3 cols=1024,0.96875,0.95,True,1000,no merge curve for point; single-sketch curve optimistic,12288.0,1117.1077666666665,93.28888888888889,5.0,1.2,100000,20040209,5
alibaba_v2022,rt_p99_by_msname,1h,cms,rows=3 cols=4096,0.014887852077571267,0.05,True,316228,extrapolated beyond N=1e+07,49152.0,22.375566666666668,5.933333333333334,2157.9999999999995,1.2,100000,166100193,60
alibaba_v2022,rt_p99_by_msname,1h,countsketch,rows=3 cols=1024,0.0497436737693786,0.05,True,100000,,12288.0,26.281399999999998,1.9555555555555557,4933.333333333334,1.2,100000,166100193,60
alibaba_v2022,rt_p99_by_msname,1h,topk,rows=3 cols=1024,0.96875,0.95,True,1000,no merge curve for point; single-sketch curve optimistic,12288.0,1117.1077666666665,93.28888888888889,5.0,1.2,100000,166100193,60
alibaba_v2022,rt_p99_by_msname,instant,kll,k=200,0.002470041815777119,0.01,True,not_saturated,not saturated,6400.0,25.645400000000002,5.177777777777778,3240.9999999999995,3.0,,401372,1
alibaba_v2022,rt_p99_by_msname,instant,dd,alpha=0.01,0.007332698267151987,0.01,True,1000,,3464.0,15.694700000000001,1.1333333333333333,2008.3333333333333,3.0,,401372,1
alibaba_v2022,rt_p99_by_msname,5m,kll,k=50,0.009129934662150238,0.01,True,not_saturated,"alpha 12.6717 beyond grid, used 3; no merge curve for point; single-sketch curve optimistic; not saturated",1600.0,25.094000000000005,2.666666666666667,2186.3333333333335,3.0,,18912878,5
alibaba_v2022,rt_p99_by_msname,5m,dd,alpha=0.01,0.007349054272741779,0.01,True,1000,"alpha 12.6717 beyond grid, used 3",3464.0,15.694700000000001,1.1333333333333333,2008.3333333333333,3.0,,18912878,5
alibaba_v2022,rt_p99_by_msname,1h,kll,k=200,0.0022262964207332685,0.01,True,not_saturated,"alpha 9.27532 beyond grid, used 3; no merge curve for point; single-sketch curve optimistic; not saturated",6400.0,25.645400000000002,5.177777777777778,3240.9999999999995,3.0,,152748684,60
alibaba_v2022,rt_p99_by_msname,1h,dd,alpha=0.01,0.007350253064515069,0.01,True,1000,"alpha 9.27532 beyond grid, used 3",3464.0,15.694700000000001,1.1333333333333333,2008.3333333333333,3.0,,152748684,60
alibaba_v2022,calls_by_rpctype,1m,cms,rows=3 cols=1024,0.012068843865983931,0.05,True,5623,not saturated at min_N,12288.0,22.423800000000004,1.9333333333333336,29.666666666666668,1.2,1000,5401423,1
alibaba_v2022,calls_by_rpctype,1m,countsketch,rows=3 cols=1024,0.040474453524032145,0.05,True,1000,not saturated at min_N,12288.0,26.283633333333334,2.0444444444444443,58.333333333333336,1.2,1000,5401423,1
alibaba_v2022,calls_by_rpctype,1m,topk,rows=5 cols=256,0.96875,0.95,True,1000,not saturated at min_N; cost scaled from rows=3,5120.0,2160.7369444444444,152.29629629629633,8.333333333333334,1.2,1000,5401423,1
alibaba_v2022,calls_by_rpctype,5m,cms,rows=3 cols=1024,0.012062400730156707,0.05,True,5623,,12288.0,22.423800000000004,1.9333333333333336,29.666666666666668,1.2,1000,26594881,5
alibaba_v2022,calls_by_rpctype,5m,countsketch,rows=3 cols=1024,0.040519028976739355,0.05,True,1000,,12288.0,26.283633333333334,2.0444444444444443,58.333333333333336,1.2,1000,26594881,5
alibaba_v2022,calls_by_rpctype,5m,topk,rows=5 cols=256,0.96875,0.95,True,1000,no merge curve for point; single-sketch curve optimistic; extrapolated beyond N=1e+07; cost scaled from rows=3,5120.0,2160.7369444444444,152.29629629629633,8.333333333333334,1.2,1000,26594881,5
alibaba_v2022,calls_by_rpctype,1h,cms,rows=3 cols=1024,0.012054748429688853,0.05,True,5623,,12288.0,22.423800000000004,1.9333333333333336,29.666666666666668,1.2,1000,260437245,60
alibaba_v2022,calls_by_rpctype,1h,countsketch,rows=3 cols=1024,0.04039436310787848,0.05,True,1000,,12288.0,26.283633333333334,2.0444444444444443,58.333333333333336,1.2,1000,260437245,60
alibaba_v2022,calls_by_rpctype,1h,topk,rows=5 cols=256,0.96875,0.95,True,1000,no merge curve for point; single-sketch curve optimistic; extrapolated beyond N=1e+07; cost scaled from rows=3,5120.0,2160.7369444444444,152.29629629629633,8.333333333333334,1.2,1000,260437245,60
alibaba_v2022,calls_by_service,1m,cms,rows=3 cols=16384,0.02129176204509065,0.05,True,316228,not saturated at min_N,196608.0,22.54083333333333,28.933333333333334,2420.0,0.8,100000,5401423,1
alibaba_v2022,calls_by_service,1m,countsketch,rows=3 cols=4096,0.03928169571169596,0.05,True,562341,not saturated at min_N,49152.0,26.3713,5.977777777777778,5111.666666666666,0.8,100000,5401423,1
alibaba_v2022,calls_by_service,1m,topk,rows=5 cols=1024,0.9895833333333334,0.95,True,5623,not saturated at min_N; cost scaled from rows=3,20480.0,482.89444444444445,152.5555555555556,8.333333333333334,0.8,100000,5401423,1
alibaba_v2022,calls_by_service,5m,cms,rows=3 cols=16384,0.019873590686755222,0.05,True,562341,extrapolated beyond N=1e+07,196608.0,22.537133333333333,30.955555555555556,56817.33333333332,1.0,10000000,26594881,5
alibaba_v2022,calls_by_service,5m,countsketch,rows=3 cols=4096,0.01832341853528574,0.05,True,1000000,extrapolated beyond N=1e+07,49152.0,26.381099999999996,6.355555555555556,111033.66666666667,1.0,10000000,26594881,5
alibaba_v2022,calls_by_service,5m,topk,rows=5 cols=1024,1.0,0.95,True,1778,no merge curve for point; single-sketch curve optimistic; extrapolated beyond N=1e+07; cost scaled from rows=3,20480.0,796.0973888888889,137.33333333333331,929.9999999999999,1.0,10000000,26594881,5
alibaba_v2022,calls_by_service,1h,cms,rows=3 cols=16384,0.019873590686755222,0.05,True,562341,extrapolated beyond N=1e+07,196608.0,22.537133333333333,30.955555555555556,56817.33333333332,1.0,10000000,260437245,60
alibaba_v2022,calls_by_service,1h,countsketch,rows=3 cols=4096,0.01832341853528574,0.05,True,1000000,extrapolated beyond N=1e+07,49152.0,26.381099999999996,6.355555555555556,111033.66666666667,1.0,10000000,260437245,60
alibaba_v2022,calls_by_service,1h,topk,rows=5 cols=1024,1.0,0.95,True,1778,no merge curve for point; single-sketch curve optimistic; extrapolated beyond N=1e+07; cost scaled from rows=3,20480.0,796.0973888888889,137.33333333333331,929.9999999999999,1.0,10000000,260437245,60
alibaba_v2022,calls_by_um,1m,cms,rows=3 cols=4096,0.04470475707962842,0.05,True,177828,not saturated at min_N,49152.0,22.33483333333333,5.977777777777778,2233.0,1.0,100000,5401423,1
alibaba_v2022,calls_by_um,1m,countsketch,rows=3 cols=4096,0.0182543247070165,0.05,True,316228,not saturated at min_N,49152.0,26.39866666666667,6.177777777777778,5108.333333333334,1.0,100000,5401423,1
alibaba_v2022,calls_by_um,1m,topk,rows=3 cols=1024,0.96875,0.95,True,1778,not saturated at min_N,12288.0,660.1273666666667,94.97777777777777,5.333333333333333,1.0,100000,5401423,1
alibaba_v2022,calls_by_um,5m,cms,rows=3 cols=4096,0.044913144197755384,0.05,True,177828,extrapolated beyond N=1e+07,49152.0,22.33483333333333,5.977777777777778,2233.0,1.0,100000,26594881,5
alibaba_v2022,calls_by_um,5m,countsketch,rows=3 cols=4096,0.018155593895840188,0.05,True,316228,extrapolated beyond N=1e+07,49152.0,26.39866666666667,6.177777777777778,5108.333333333334,1.0,100000,26594881,5
alibaba_v2022,calls_by_um,5m,topk,rows=3 cols=1024,0.96875,0.95,True,1778,no merge curve for point; single-sketch curve optimistic,12288.0,660.1273666666667,94.97777777777777,5.333333333333333,1.0,100000,26594881,5
alibaba_v2022,calls_by_um,1h,cms,rows=3 cols=4096,0.044913144197755384,0.05,True,177828,extrapolated beyond N=1e+07,49152.0,22.33483333333333,5.977777777777778,2233.0,1.0,100000,260437245,60
alibaba_v2022,calls_by_um,1h,countsketch,rows=3 cols=4096,0.018155593895840188,0.05,True,316228,extrapolated beyond N=1e+07,49152.0,26.39866666666667,6.177777777777778,5108.333333333334,1.0,100000,260437245,60
alibaba_v2022,calls_by_um,1h,topk,rows=3 cols=1024,0.96875,0.95,True,1778,no merge curve for point; single-sketch curve optimistic,12288.0,660.1273666666667,94.97777777777777,5.333333333333333,1.0,100000,260437245,60
alibaba_v2022,calls_by_dm,1m,cms,rows=3 cols=4096,0.04470475707962842,0.05,True,177828,not saturated at min_N,49152.0,22.33483333333333,5.977777777777778,2233.0,1.0,100000,5401423,1
alibaba_v2022,calls_by_dm,1m,countsketch,rows=3 cols=4096,0.0182543247070165,0.05,True,316228,not saturated at min_N,49152.0,26.39866666666667,6.177777777777778,5108.333333333334,1.0,100000,5401423,1
alibaba_v2022,calls_by_dm,1m,topk,rows=3 cols=1024,0.96875,0.95,True,1778,not saturated at min_N,12288.0,660.1273666666667,94.97777777777777,5.333333333333333,1.0,100000,5401423,1
alibaba_v2022,calls_by_dm,5m,cms,rows=3 cols=4096,0.044913144197755384,0.05,True,177828,extrapolated beyond N=1e+07,49152.0,22.33483333333333,5.977777777777778,2233.0,1.0,100000,26594881,5
alibaba_v2022,calls_by_dm,5m,countsketch,rows=3 cols=4096,0.018155593895840188,0.05,True,316228,extrapolated beyond N=1e+07,49152.0,26.39866666666667,6.177777777777778,5108.333333333334,1.0,100000,26594881,5
alibaba_v2022,calls_by_dm,5m,topk,rows=3 cols=1024,0.96875,0.95,True,1778,no merge curve for point; single-sketch curve optimistic,12288.0,660.1273666666667,94.97777777777777,5.333333333333333,1.0,100000,26594881,5
alibaba_v2022,calls_by_dm,1h,cms,rows=3 cols=4096,0.044913144197755384,0.05,True,177828,extrapolated beyond N=1e+07,49152.0,22.33483333333333,5.977777777777778,2233.0,1.0,100000,260437245,60
alibaba_v2022,calls_by_dm,1h,countsketch,rows=3 cols=4096,0.018155593895840188,0.05,True,316228,extrapolated beyond N=1e+07,49152.0,26.39866666666667,6.177777777777778,5108.333333333334,1.0,100000,260437245,60
alibaba_v2022,calls_by_dm,1h,topk,rows=3 cols=1024,0.96875,0.95,True,1778,no merge curve for point; single-sketch curve optimistic,12288.0,660.1273666666667,94.97777777777777,5.333333333333333,1.0,100000,260437245,60
alibaba_v2022,calls_by_interface,1m,cms,rows=5 cols=16384,0.11852205026294958,0.05,False,1000000,target not met; not saturated at min_N; cost scaled from rows=3,327680.0,37.68633333333333,51.18518518518519,187872.7777777778,0.8,10000000,5401423,1
alibaba_v2022,calls_by_interface,1m,countsketch,rows=3 cols=4096,0.042239557359247955,0.05,True,5623413,not saturated at min_N,49152.0,26.516266666666667,6.133333333333334,220461.0,0.8,10000000,5401423,1
alibaba_v2022,calls_by_interface,1m,topk,rows=5 cols=1024,0.9873968588599285,0.95,True,31623,not saturated at min_N; cost scaled from rows=3,20480.0,263.90122222222226,133.85185185185185,2103.888888888889,0.8,10000000,5401423,1
alibaba_v2022,calls_by_interface,5m,cms,rows=3 cols=16384,0.019873590686755222,0.05,True,562341,extrapolated beyond N=1e+07,196608.0,22.537133333333333,30.955555555555556,56817.33333333332,1.0,10000000,26594881,5
alibaba_v2022,calls_by_interface,5m,countsketch,rows=3 cols=4096,0.01832341853528574,0.05,True,1000000,extrapolated beyond N=1e+07,49152.0,26.381099999999996,6.355555555555556,111033.66666666667,1.0,10000000,26594881,5
alibaba_v2022,calls_by_interface,5m,topk,rows=5 cols=1024,1.0,0.95,True,1778,no merge curve for point; single-sketch curve optimistic; extrapolated beyond N=1e+07; cost scaled from rows=3,20480.0,796.0973888888889,137.33333333333331,929.9999999999999,1.0,10000000,26594881,5
alibaba_v2022,calls_by_interface,1h,cms,rows=3 cols=16384,0.019873590686755222,0.05,True,562341,extrapolated beyond N=1e+07,196608.0,22.537133333333333,30.955555555555556,56817.33333333332,1.0,10000000,260437245,60
alibaba_v2022,calls_by_interface,1h,countsketch,rows=3 cols=4096,0.01832341853528574,0.05,True,1000000,extrapolated beyond N=1e+07,49152.0,26.381099999999996,6.355555555555556,111033.66666666667,1.0,10000000,260437245,60
alibaba_v2022,calls_by_interface,1h,topk,rows=5 cols=1024,1.0,0.95,True,1778,no merge curve for point; single-sketch curve optimistic; extrapolated beyond N=1e+07; cost scaled from rows=3,20480.0,796.0973888888889,137.33333333333331,929.9999999999999,1.0,10000000,260437245,60
alibaba_v2022,calls_by_um_dm,1m,cms,rows=3 cols=16384,0.02129176204509065,0.05,True,316228,not saturated at min_N,196608.0,22.54083333333333,28.933333333333334,2420.0,0.8,100000,5401423,1
alibaba_v2022,calls_by_um_dm,1m,countsketch,rows=3 cols=4096,0.03928169571169596,0.05,True,562341,not saturated at min_N,49152.0,26.3713,5.977777777777778,5111.666666666666,0.8,100000,5401423,1
alibaba_v2022,calls_by_um_dm,1m,topk,rows=5 cols=1024,0.9895833333333334,0.95,True,5623,not saturated at min_N; cost scaled from rows=3,20480.0,482.89444444444445,152.5555555555556,8.333333333333334,0.8,100000,5401423,1
alibaba_v2022,calls_by_um_dm,5m,cms,rows=3 cols=16384,0.0213003939726821,0.05,True,316228,extrapolated beyond N=1e+07,196608.0,22.54083333333333,28.933333333333334,2420.0,0.8,100000,26594881,5
alibaba_v2022,calls_by_um_dm,5m,countsketch,rows=3 cols=4096,0.03841192871816221,0.05,True,562341,extrapolated beyond N=1e+07,49152.0,26.3713,5.977777777777778,5111.666666666666,0.8,100000,26594881,5
alibaba_v2022,calls_by_um_dm,5m,topk,rows=5 cols=1024,1.0,0.95,True,5623,no merge curve for point; single-sketch curve optimistic; extrapolated beyond N=1e+07; cost scaled from rows=3,20480.0,482.89444444444445,152.5555555555556,8.333333333333334,0.8,100000,26594881,5
alibaba_v2022,calls_by_um_dm,1h,cms,rows=3 cols=16384,0.019873590686755222,0.05,True,562341,extrapolated beyond N=1e+07,196608.0,22.537133333333333,30.955555555555556,56817.33333333332,1.0,10000000,260437245,60
alibaba_v2022,calls_by_um_dm,1h,countsketch,rows=3 cols=4096,0.01832341853528574,0.05,True,1000000,extrapolated beyond N=1e+07,49152.0,26.381099999999996,6.355555555555556,111033.66666666667,1.0,10000000,260437245,60
alibaba_v2022,calls_by_um_dm,1h,topk,rows=5 cols=1024,1.0,0.95,True,1778,no merge curve for point; single-sketch curve optimistic; extrapolated beyond N=1e+07; cost scaled from rows=3,20480.0,796.0973888888889,137.33333333333331,929.9999999999999,1.0,10000000,260437245,60
alibaba_v2022,calls_by_service_um_dm,1m,cms,rows=5 cols=16384,0.11852205026294958,0.05,False,1000000,target not met; not saturated at min_N; cost scaled from rows=3,327680.0,37.68633333333333,51.18518518518519,187872.7777777778,0.8,10000000,5401423,1
alibaba_v2022,calls_by_service_um_dm,1m,countsketch,rows=3 cols=4096,0.042239557359247955,0.05,True,5623413,not saturated at min_N,49152.0,26.516266666666667,6.133333333333334,220461.0,0.8,10000000,5401423,1
alibaba_v2022,calls_by_service_um_dm,1m,topk,rows=5 cols=1024,0.9873968588599285,0.95,True,31623,not saturated at min_N; cost scaled from rows=3,20480.0,263.90122222222226,133.85185185185185,2103.888888888889,0.8,10000000,5401423,1
alibaba_v2022,calls_by_service_um_dm,5m,cms,rows=5 cols=16384,0.11895150520544058,0.05,False,1000000,target not met; extrapolated beyond N=1e+07; cost scaled from rows=3,327680.0,37.68633333333333,51.18518518518519,187872.7777777778,0.8,10000000,26594881,5
alibaba_v2022,calls_by_service_um_dm,5m,countsketch,rows=3 cols=4096,0.03865929186904125,0.05,True,5623413,,49152.0,26.516266666666667,6.133333333333334,220461.0,0.8,10000000,26594881,5
alibaba_v2022,calls_by_service_um_dm,5m,topk,rows=5 cols=1024,0.9791666666666666,0.95,True,31623,no merge curve for point; single-sketch curve optimistic; extrapolated beyond N=1e+07; cost scaled from rows=3,20480.0,263.90122222222226,133.85185185185185,2103.888888888889,0.8,10000000,26594881,5
alibaba_v2022,calls_by_service_um_dm,1h,cms,rows=5 cols=16384,0.11895150520544058,0.05,False,1000000,target not met; extrapolated beyond N=1e+07; cost scaled from rows=3,327680.0,37.68633333333333,51.18518518518519,187872.7777777778,0.8,10000000,260437245,60
alibaba_v2022,calls_by_service_um_dm,1h,countsketch,rows=3 cols=4096,0.03830386459325624,0.05,True,5623413,,49152.0,26.516266666666667,6.133333333333334,220461.0,0.8,10000000,260437245,60
alibaba_v2022,calls_by_service_um_dm,1h,topk,rows=5 cols=1024,0.9791666666666666,0.95,True,31623,no merge curve for point; single-sketch curve optimistic; extrapolated beyond N=1e+07; cost scaled from rows=3,20480.0,263.90122222222226,133.85185185185185,2103.888888888889,0.8,10000000,260437245,60
alibaba_v2022,rt_p99_by_service,1m,cms,rows=3 cols=16384,0.02129176204509065,0.05,True,316228,not saturated at min_N,196608.0,22.54083333333333,28.933333333333334,2420.0,0.8,100000,5401423,1
alibaba_v2022,rt_p99_by_service,1m,countsketch,rows=3 cols=4096,0.03928169571169596,0.05,True,562341,not saturated at min_N,49152.0,26.3713,5.977777777777778,5111.666666666666,0.8,100000,5401423,1
alibaba_v2022,rt_p99_by_service,1m,topk,rows=5 cols=1024,0.9895833333333334,0.95,True,5623,not saturated at min_N; cost scaled from rows=3,20480.0,482.89444444444445,152.5555555555556,8.333333333333334,0.8,100000,5401423,1
alibaba_v2022,rt_p99_by_service,5m,cms,rows=3 cols=16384,0.019873590686755222,0.05,True,562341,extrapolated beyond N=1e+07,196608.0,22.537133333333333,30.955555555555556,56817.33333333332,1.0,10000000,26594881,5
alibaba_v2022,rt_p99_by_service,5m,countsketch,rows=3 cols=4096,0.01832341853528574,0.05,True,1000000,extrapolated beyond N=1e+07,49152.0,26.381099999999996,6.355555555555556,111033.66666666667,1.0,10000000,26594881,5
alibaba_v2022,rt_p99_by_service,5m,topk,rows=5 cols=1024,1.0,0.95,True,1778,no merge curve for point; single-sketch curve optimistic; extrapolated beyond N=1e+07; cost scaled from rows=3,20480.0,796.0973888888889,137.33333333333331,929.9999999999999,1.0,10000000,26594881,5
alibaba_v2022,rt_p99_by_service,1h,cms,rows=3 cols=16384,0.019873590686755222,0.05,True,562341,extrapolated beyond N=1e+07,196608.0,22.537133333333333,30.955555555555556,56817.33333333332,1.0,10000000,260437245,60
alibaba_v2022,rt_p99_by_service,1h,countsketch,rows=3 cols=4096,0.01832341853528574,0.05,True,1000000,extrapolated beyond N=1e+07,49152.0,26.381099999999996,6.355555555555556,111033.66666666667,1.0,10000000,260437245,60
alibaba_v2022,rt_p99_by_service,1h,topk,rows=5 cols=1024,1.0,0.95,True,1778,no merge curve for point; single-sketch curve optimistic; extrapolated beyond N=1e+07; cost scaled from rows=3,20480.0,796.0973888888889,137.33333333333331,929.9999999999999,1.0,10000000,260437245,60
alibaba_v2022,rt_p99_by_service,1m,kll,k=200,0.0023037840370404346,0.01,True,not_saturated,not saturated,6400.0,25.268599999999996,5.3999999999999995,2951.9999999999995,3.0,,3311360,1
alibaba_v2022,rt_p99_by_service,1m,dd,alpha=0.01,0.007346637486156435,0.01,True,1000,not saturated at min_N,4616.0,15.611766666666668,1.266666666666667,1987.333333333333,3.0,,3311360,1
alibaba_v2022,rt_p99_by_service,5m,kll,k=50,0.009225104455574413,0.01,True,not_saturated,no merge curve for point; single-sketch curve optimistic; not saturated,1600.0,25.230666666666668,2.466666666666667,2202.0,3.0,,16264263,5
alibaba_v2022,rt_p99_by_service,5m,dd,alpha=0.01,0.007349125190843246,0.01,True,1000,,4616.0,15.611766666666668,1.266666666666667,1987.333333333333,3.0,,16264263,5
alibaba_v2022,rt_p99_by_service,1h,kll,k=200,0.0021814989781444344,0.01,True,not_saturated,no merge curve for point; single-sketch curve optimistic; not saturated,6400.0,25.645400000000002,5.177777777777778,3240.9999999999995,3.0,,157226182,60
alibaba_v2022,rt_p99_by_service,1h,dd,alpha=0.01,0.00735024368490511,0.01,True,1000,,3464.0,15.694700000000001,1.1333333333333333,2008.3333333333333,3.0,,157226182,60
alibaba_v2022,ms_cpu_by_msname,instant,cms,rows=3 cols=16384,0.020573849606818375,0.05,True,316228,,196608.0,22.54083333333333,28.933333333333334,2420.0,0.8,100000,471603,1
alibaba_v2022,ms_cpu_by_msname,instant,countsketch,rows=3 cols=4096,0.04190031679674842,0.05,True,562341,not saturated at min_N,49152.0,26.3713,5.977777777777778,5111.666666666666,0.8,100000,471603,1
alibaba_v2022,ms_cpu_by_msname,instant,topk,rows=5 cols=1024,0.9895833333333334,0.95,True,5623,cost scaled from rows=3,20480.0,482.89444444444445,152.5555555555556,8.333333333333334,0.8,100000,471603,1
alibaba_v2022,ms_cpu_by_msname,5m,cms,rows=3 cols=16384,0.021473512975033845,0.05,True,316228,,196608.0,22.54083333333333,28.933333333333334,2420.0,0.8,100000,2355461,5
alibaba_v2022,ms_cpu_by_msname,5m,countsketch,rows=3 cols=4096,0.0398659549922401,0.05,True,562341,,49152.0,26.3713,5.977777777777778,5111.666666666666,0.8,100000,2355461,5
alibaba_v2022,ms_cpu_by_msname,5m,topk,rows=5 cols=1024,0.9895833333333334,0.95,True,5623,no merge curve for point; single-sketch curve optimistic; cost scaled from rows=3,20480.0,482.89444444444445,152.5555555555556,8.333333333333334,0.8,100000,2355461,5
alibaba_v2022,ms_cpu_by_msname,1h,cms,rows=3 cols=16384,0.0213003939726821,0.05,True,316228,extrapolated beyond N=1e+07,196608.0,22.54083333333333,28.933333333333334,2420.0,0.8,100000,28254558,60
alibaba_v2022,ms_cpu_by_msname,1h,countsketch,rows=3 cols=4096,0.03841192871816221,0.05,True,562341,extrapolated beyond N=1e+07,49152.0,26.3713,5.977777777777778,5111.666666666666,0.8,100000,28254558,60
alibaba_v2022,ms_cpu_by_msname,1h,topk,rows=5 cols=1024,1.0,0.95,True,5623,no merge curve for point; single-sketch curve optimistic; extrapolated beyond N=1e+07; cost scaled from rows=3,20480.0,482.89444444444445,152.5555555555556,8.333333333333334,0.8,100000,28254558,60
alibaba_v2022,ms_cpu_p99,instant,kll,k=200,0.0026133499468463093,0.01,True,not_saturated,"alpha 10.154 beyond grid, used 3; light tail; not saturated",6400.0,25.402400000000004,5.2,2999.3333333333335,3.0,,471589,1
alibaba_v2022,ms_cpu_p99,instant,dd,alpha=0.01,0.007332013494612215,0.01,True,1000,"alpha 10.154 beyond grid, used 3; light tail",2312.0,15.584666666666665,0.8222222222222221,1965.3333333333333,3.0,,471589,1
alibaba_v2022,ms_cpu_p99,5m,kll,k=200,0.0024364095575409063,0.01,True,not_saturated,"alpha 10.0475 beyond grid, used 3; light tail; no merge curve for point; single-sketch curve optimistic; not saturated",6400.0,25.402400000000004,5.2,2999.3333333333335,3.0,,2355395,5
alibaba_v2022,ms_cpu_p99,5m,dd,alpha=0.01,0.007347637516570892,0.01,True,1000,"alpha 10.0475 beyond grid, used 3; light tail",2312.0,15.584666666666665,0.8222222222222221,1965.3333333333333,3.0,,2355395,5
alibaba_v2022,ms_cpu_p99,1h,kll,k=200,0.002922404604905079,0.01,True,not_saturated,"alpha 7.05221 beyond grid, used 3; light tail; no merge curve for point; single-sketch curve optimistic; not saturated",6400.0,25.402400000000004,5.2,2999.3333333333335,3.0,,28253774,60
alibaba_v2022,ms_cpu_p99,1h,dd,alpha=0.01,0.0073488612347692535,0.01,True,1000,"alpha 7.05221 beyond grid, used 3; light tail",2312.0,15.584666666666665,0.8222222222222221,1965.3333333333333,3.0,,28253774,60
alibaba_v2022,node_cpu_by_nodeid,instant,cms,rows=5 cols=16384,0.19044825832269802,0.05,False,56234133,target not met; not saturated at min_N; cost scaled from rows=3,327680.0,38.0,53.370370370370374,4237.222222222223,0.0,100000,42957,1
alibaba_v2022,node_cpu_by_nodeid,instant,countsketch,rows=5 cols=16384,0.16009119472655217,0.05,False,1778279,target not met; not saturated at min_N; cost scaled from rows=3,327680.0,44.283333333333324,48.85185185185186,8852.77777777778,0.0,100000,42957,1
alibaba_v2022,node_cpu_by_nodeid,instant,topk,rows=5 cols=16384,0.33705578919226736,0.95,False,316228,target not met; not saturated at min_N; cost scaled from rows=3,327680.0,158.7126111111111,171.7777777777778,9.444444444444445,0.0,100000,42957,1
alibaba_v2022,node_cpu_by_nodeid,5m,cms,rows=5 cols=16384,0.7626094093044472,0.05,False,56234133,target not met; not saturated at min_N; cost scaled from rows=3,327680.0,38.0,53.370370370370374,4237.222222222223,0.0,100000,214454,5
alibaba_v2022,node_cpu_by_nodeid,5m,countsketch,rows=5 cols=16384,0.3023531933877328,0.05,False,1778279,target not met; not saturated at min_N; cost scaled from rows=3,327680.0,44.283333333333324,48.85185185185186,8852.77777777778,0.0,100000,214454,5
alibaba_v2022,node_cpu_by_nodeid,5m,topk,rows=5 cols=16384,0.06638876054821932,0.95,False,316228,target not met; no merge curve for point; single-sketch curve optimistic; not saturated at min_N; cost scaled from rows=3,327680.0,158.7126111111111,171.7777777777778,9.444444444444445,0.0,100000,214454,5
alibaba_v2022,node_cpu_by_nodeid,1h,cms,rows=5 cols=16384,1.9636232471285444,0.05,False,56234133,target not met; not saturated at min_N; cost scaled from rows=3,327680.0,38.0,53.370370370370374,4237.222222222223,0.0,100000,2570715,60
alibaba_v2022,node_cpu_by_nodeid,1h,countsketch,rows=5 cols=16384,0.5820675430071887,0.05,False,1778279,target not met; not saturated at min_N; cost scaled from rows=3,327680.0,44.283333333333324,48.85185185185186,8852.77777777778,0.0,100000,2570715,60
alibaba_v2022,node_cpu_by_nodeid,1h,topk,rows=3 cols=256,0.0037477525918789625,0.95,False,3162,target not met; no merge curve for point; single-sketch curve optimistic,3072.0,85.81806666666665,54.53333333333333,4.666666666666667,0.0,100000,2570715,60
alibaba_v2022,node_cpu_p99,instant,kll,k=50,0.009710050811872485,0.01,True,not_saturated,"alpha 6.44342 beyond grid, used 3; not saturated",1600.0,25.304666666666662,2.3111111111111113,2280.6666666666665,3.0,,42955,1
alibaba_v2022,node_cpu_p99,instant,dd,alpha=0.01,0.0073115486162062615,0.01,True,1000,"alpha 6.44342 beyond grid, used 3",2312.0,15.584666666666665,0.8222222222222221,1965.3333333333333,3.0,,42955,1
alibaba_v2022,node_cpu_p99,5m,kll,k=200,0.0021151738322659846,0.01,True,not_saturated,"alpha 6.36875 beyond grid, used 3; no merge curve for point; single-sketch curve optimistic; not saturated",6400.0,25.402400000000004,5.2,2999.3333333333335,3.0,,214444,5
alibaba_v2022,node_cpu_p99,5m,dd,alpha=0.01,0.007342681163634055,0.01,True,1000,"alpha 6.36875 beyond grid, used 3",2312.0,15.584666666666665,0.8222222222222221,1965.3333333333333,3.0,,214444,5
alibaba_v2022,node_cpu_p99,1h,kll,k=200,0.0023959816287722905,0.01,True,not_saturated,"alpha 6.24654 beyond grid, used 3; no merge curve for point; single-sketch curve optimistic; not saturated",6400.0,25.402400000000004,5.2,2999.3333333333335,3.0,,2570595,60
alibaba_v2022,node_cpu_p99,1h,dd,alpha=0.01,0.0073472721923670626,0.01,True,1000,"alpha 6.24654 beyond grid, used 3",2312.0,15.584666666666665,0.8222222222222221,1965.3333333333333,3.0,,2570595,60
google_2011,cpu_by_user,instant,cms,rows=3 cols=1024,0.02010047453674985,0.05,True,17783,,12288.0,22.3986,1.9333333333333336,28.333333333333336,1.0,1000,212533,1
google_2011,cpu_by_user,instant,countsketch,rows=5 cols=1024,0.03100871637085652,0.05,True,17783,cost scaled from rows=3,20480.0,43.67538888888889,3.111111111111111,93.88888888888889,1.0,1000,212533,1
google_2011,cpu_by_user,instant,topk,rows=5 cols=256,0.9719760905645167,0.95,True,1000,cost scaled from rows=3,5120.0,1692.064388888889,153.33333333333337,8.888888888888888,1.0,1000,212533,1
google_2011,cpu_by_user,5m,cms,rows=3 cols=1024,0.020121154813470713,0.05,True,17783,,12288.0,22.3986,1.9333333333333336,28.333333333333336,1.0,1000,379702,1
google_2011,cpu_by_user,5m,countsketch,rows=5 cols=1024,0.031219370129271302,0.05,True,17783,cost scaled from rows=3,20480.0,43.67538888888889,3.111111111111111,93.88888888888889,1.0,1000,379702,1
google_2011,cpu_by_user,5m,topk,rows=5 cols=256,0.9758565522801315,0.95,True,1000,cost scaled from rows=3,5120.0,1692.064388888889,153.33333333333337,8.888888888888888,1.0,1000,379702,1
google_2011,cpu_by_user,1h,cms,rows=3 cols=1024,0.019373032639913173,0.05,True,17783,,12288.0,22.3986,1.9333333333333336,28.333333333333336,1.0,1000,4179680,12
google_2011,cpu_by_user,1h,countsketch,rows=5 cols=1024,0.030256153260673116,0.05,True,17783,cost scaled from rows=3,20480.0,43.67538888888889,3.111111111111111,93.88888888888889,1.0,1000,4179680,12
google_2011,cpu_by_user,1h,topk,rows=5 cols=256,0.96875,0.95,True,1000,no merge curve for point; single-sketch curve optimistic; cost scaled from rows=3,5120.0,1692.064388888889,153.33333333333337,8.888888888888888,1.0,1000,4179680,12
google_2011,cpu_by_user_priority,instant,cms,rows=3 cols=1024,0.01169498334419633,0.05,True,5623,,12288.0,22.423800000000004,1.9333333333333336,29.666666666666668,1.2,1000,212533,1
google_2011,cpu_by_user_priority,instant,countsketch,rows=3 cols=1024,0.03829416534185969,0.05,True,1000,,12288.0,26.283633333333334,2.0444444444444443,58.333333333333336,1.2,1000,212533,1
google_2011,cpu_by_user_priority,instant,topk,rows=5 cols=256,0.96875,0.95,True,1000,cost scaled from rows=3,5120.0,2160.7369444444444,152.29629629629633,8.333333333333334,1.2,1000,212533,1
google_2011,cpu_by_user_priority,5m,cms,rows=3 cols=1024,0.012121078260562697,0.05,True,5623,,12288.0,22.423800000000004,1.9333333333333336,29.666666666666668,1.2,1000,379702,1
google_2011,cpu_by_user_priority,5m,countsketch,rows=3 cols=1024,0.039443381165268285,0.05,True,1000,,12288.0,26.283633333333334,2.0444444444444443,58.333333333333336,1.2,1000,379702,1
google_2011,cpu_by_user_priority,5m,topk,rows=5 cols=256,0.96875,0.95,True,1000,cost scaled from rows=3,5120.0,2160.7369444444444,152.29629629629633,8.333333333333334,1.2,1000,379702,1
google_2011,cpu_by_user_priority,1h,cms,rows=3 cols=1024,0.012067113093819451,0.05,True,5623,,12288.0,22.423800000000004,1.9333333333333336,29.666666666666668,1.2,1000,4179680,12
google_2011,cpu_by_user_priority,1h,countsketch,rows=3 cols=1024,0.0402749337344935,0.05,True,1000,,12288.0,26.283633333333334,2.0444444444444443,58.333333333333336,1.2,1000,4179680,12
google_2011,cpu_by_user_priority,1h,topk,rows=5 cols=256,0.96875,0.95,True,1000,no merge curve for point; single-sketch curve optimistic; cost scaled from rows=3,5120.0,2160.7369444444444,152.29629629629633,8.333333333333334,1.2,1000,4179680,12
google_2011,cpu_by_priority,instant,cms,rows=3 cols=1024,0.01169498334419633,0.05,True,5623,,12288.0,22.423800000000004,1.9333333333333336,29.666666666666668,1.2,1000,212533,1
google_2011,cpu_by_priority,instant,countsketch,rows=3 cols=1024,0.03829416534185969,0.05,True,1000,,12288.0,26.283633333333334,2.0444444444444443,58.333333333333336,1.2,1000,212533,1
google_2011,cpu_by_priority,instant,topk,rows=5 cols=256,0.96875,0.95,True,1000,cost scaled from rows=3,5120.0,2160.7369444444444,152.29629629629633,8.333333333333334,1.2,1000,212533,1
google_2011,cpu_by_priority,5m,cms,rows=3 cols=1024,0.012121078260562697,0.05,True,5623,,12288.0,22.423800000000004,1.9333333333333336,29.666666666666668,1.2,1000,379702,1
google_2011,cpu_by_priority,5m,countsketch,rows=3 cols=1024,0.039443381165268285,0.05,True,1000,,12288.0,26.283633333333334,2.0444444444444443,58.333333333333336,1.2,1000,379702,1
google_2011,cpu_by_priority,5m,topk,rows=5 cols=256,0.96875,0.95,True,1000,cost scaled from rows=3,5120.0,2160.7369444444444,152.29629629629633,8.333333333333334,1.2,1000,379702,1
google_2011,cpu_by_priority,1h,cms,rows=3 cols=1024,0.012067113093819451,0.05,True,5623,,12288.0,22.423800000000004,1.9333333333333336,29.666666666666668,1.2,1000,4179680,12
google_2011,cpu_by_priority,1h,countsketch,rows=3 cols=1024,0.0402749337344935,0.05,True,1000,,12288.0,26.283633333333334,2.0444444444444443,58.333333333333336,1.2,1000,4179680,12
google_2011,cpu_by_priority,1h,topk,rows=5 cols=256,0.96875,0.95,True,1000,no merge curve for point; single-sketch curve optimistic; cost scaled from rows=3,5120.0,2160.7369444444444,152.29629629629633,8.333333333333334,1.2,1000,4179680,12
google_2011,cpu_by_job_id,instant,cms,rows=3 cols=4096,0.04232304463607425,0.05,True,177828,not saturated at min_N,49152.0,22.33483333333333,5.977777777777778,2233.0,1.0,100000,212533,1
google_2011,cpu_by_job_id,instant,countsketch,rows=3 cols=4096,0.020720519823678972,0.05,True,316228,not saturated at min_N,49152.0,26.39866666666667,6.177777777777778,5108.333333333334,1.0,100000,212533,1
google_2011,cpu_by_job_id,instant,topk,rows=3 cols=1024,0.9583333333333334,0.95,True,1778,,12288.0,660.1273666666667,94.97777777777777,5.333333333333333,1.0,100000,212533,1
google_2011,cpu_by_job_id,5m,cms,rows=3 cols=4096,0.04301674918691996,0.05,True,177828,not saturated at min_N,49152.0,22.33483333333333,5.977777777777778,2233.0,1.0,100000,379702,1
google_2011,cpu_by_job_id,5m,countsketch,rows=3 cols=4096,0.019333083136004733,0.05,True,316228,not saturated at min_N,49152.0,26.39866666666667,6.177777777777778,5108.333333333334,1.0,100000,379702,1
google_2011,cpu_by_job_id,5m,topk,rows=3 cols=1024,0.9616434477198685,0.95,True,1778,,12288.0,660.1273666666667,94.97777777777777,5.333333333333333,1.0,100000,379702,1
google_2011,cpu_by_job_id,1h,cms,rows=3 cols=4096,0.04488667446961157,0.05,True,177828,,49152.0,22.33483333333333,5.977777777777778,2233.0,1.0,100000,4179680,12
google_2011,cpu_by_job_id,1h,countsketch,rows=3 cols=4096,0.018399250683173572,0.05,True,316228,,49152.0,26.39866666666667,6.177777777777778,5108.333333333334,1.0,100000,4179680,12
google_2011,cpu_by_job_id,1h,topk,rows=3 cols=1024,0.96875,0.95,True,1778,no merge curve for point; single-sketch curve optimistic,12288.0,660.1273666666667,94.97777777777777,5.333333333333333,1.0,100000,4179680,12
google_2011,cpu_by_logical_job_name,instant,cms,rows=3 cols=4096,0.04232304463607425,0.05,True,177828,not saturated at min_N,49152.0,22.33483333333333,5.977777777777778,2233.0,1.0,100000,212533,1
google_2011,cpu_by_logical_job_name,instant,countsketch,rows=3 cols=4096,0.020720519823678972,0.05,True,316228,not saturated at min_N,49152.0,26.39866666666667,6.177777777777778,5108.333333333334,1.0,100000,212533,1
google_2011,cpu_by_logical_job_name,instant,topk,rows=3 cols=1024,0.9583333333333334,0.95,True,1778,,12288.0,660.1273666666667,94.97777777777777,5.333333333333333,1.0,100000,212533,1
google_2011,cpu_by_logical_job_name,5m,cms,rows=3 cols=4096,0.04301674918691996,0.05,True,177828,not saturated at min_N,49152.0,22.33483333333333,5.977777777777778,2233.0,1.0,100000,379702,1
google_2011,cpu_by_logical_job_name,5m,countsketch,rows=3 cols=4096,0.019333083136004733,0.05,True,316228,not saturated at min_N,49152.0,26.39866666666667,6.177777777777778,5108.333333333334,1.0,100000,379702,1
google_2011,cpu_by_logical_job_name,5m,topk,rows=3 cols=1024,0.9616434477198685,0.95,True,1778,,12288.0,660.1273666666667,94.97777777777777,5.333333333333333,1.0,100000,379702,1
google_2011,cpu_by_logical_job_name,1h,cms,rows=3 cols=4096,0.04488667446961157,0.05,True,177828,,49152.0,22.33483333333333,5.977777777777778,2233.0,1.0,100000,4179680,12
google_2011,cpu_by_logical_job_name,1h,countsketch,rows=3 cols=4096,0.018399250683173572,0.05,True,316228,,49152.0,26.39866666666667,6.177777777777778,5108.333333333334,1.0,100000,4179680,12
google_2011,cpu_by_logical_job_name,1h,topk,rows=3 cols=1024,0.96875,0.95,True,1778,no merge curve for point; single-sketch curve optimistic,12288.0,660.1273666666667,94.97777777777777,5.333333333333333,1.0,100000,4179680,12
google_2011,cpu_by_scheduling_class,instant,cms,rows=3 cols=4096,0.016760841459045682,0.05,True,1000000,not saturated at min_N,49152.0,22.33646666666667,6.177777777777778,39.666666666666664,0.0,1000,212533,1
google_2011,cpu_by_scheduling_class,instant,countsketch,rows=5 cols=4096,0.028718639298722665,0.05,True,562341,not saturated at min_N; cost scaled from rows=3,81920.0,43.976777777777784,10.185185185185185,117.77777777777779,0.0,1000,212533,1
google_2011,cpu_by_scheduling_class,instant,topk,rows=5 cols=4096,0.9655239094354833,0.95,True,5623,cost scaled from rows=3,81920.0,231.64333333333335,122.81481481481482,8.888888888888888,0.0,1000,212533,1
google_2011,cpu_by_scheduling_class,5m,cms,rows=3 cols=4096,0.013143994005858778,0.05,True,1000000,not saturated at min_N,49152.0,22.33646666666667,6.177777777777778,39.666666666666664,0.0,1000,379702,1
google_2011,cpu_by_scheduling_class,5m,countsketch,rows=5 cols=4096,0.02563823434458546,0.05,True,562341,not saturated at min_N; cost scaled from rows=3,81920.0,43.976777777777784,10.185185185185185,117.77777777777779,0.0,1000,379702,1
google_2011,cpu_by_scheduling_class,5m,topk,rows=5 cols=4096,0.971573790879474,0.95,True,5623,cost scaled from rows=3,81920.0,231.64333333333335,122.81481481481482,8.888888888888888,0.0,1000,379702,1
google_2011,cpu_by_scheduling_class,1h,cms,rows=3 cols=4096,0.013026943752789035,0.05,True,1000000,,49152.0,22.33646666666667,6.177777777777778,39.666666666666664,0.0,1000,4179680,12
google_2011,cpu_by_scheduling_class,1h,countsketch,rows=5 cols=4096,0.017628240253642864,0.05,True,562341,cost scaled from rows=3,81920.0,43.976777777777784,10.185185185185185,117.77777777777779,0.0,1000,4179680,12
google_2011,cpu_by_scheduling_class,1h,topk,rows=5 cols=4096,0.9845357075646095,0.95,True,5623,no merge curve for point; single-sketch curve optimistic; cost scaled from rows=3,81920.0,231.64333333333335,122.81481481481482,8.888888888888888,0.0,1000,4179680,12
google_2011,cpu_by_machine_id,instant,cms,rows=5 cols=16384,0.7582599880170395,0.05,False,56234133,target not met; not saturated at min_N; cost scaled from rows=3,327680.0,38.0,53.370370370370374,4237.222222222223,0.0,100000,212533,1
google_2011,cpu_by_machine_id,instant,countsketch,rows=5 cols=16384,0.30138674217296635,0.05,False,1778279,target not met; not saturated at min_N; cost scaled from rows=3,327680.0,44.283333333333324,48.85185185185186,8852.77777777778,0.0,100000,212533,1
google_2011,cpu_by_machine_id,instant,topk,rows=5 cols=16384,0.06720288051074944,0.95,False,316228,target not met; not saturated at min_N; cost scaled from rows=3,327680.0,158.7126111111111,171.7777777777778,9.444444444444445,0.0,100000,212533,1
google_2011,cpu_by_machine_id,5m,cms,rows=5 cols=16384,1.0326638561629764,0.05,False,56234133,target not met; not saturated at min_N; cost scaled from rows=3,327680.0,38.0,53.370370370370374,4237.222222222223,0.0,100000,379702,1
google_2011,cpu_by_machine_id,5m,countsketch,rows=5 cols=16384,0.36704286832769284,0.05,False,1778279,target not met; not saturated at min_N; cost scaled from rows=3,327680.0,44.283333333333324,48.85185185185186,8852.77777777778,0.0,100000,379702,1
google_2011,cpu_by_machine_id,5m,topk,rows=5 cols=16384,0.024629771226929636,0.95,False,316228,target not met; not saturated at min_N; cost scaled from rows=3,327680.0,158.7126111111111,171.7777777777778,9.444444444444445,0.0,100000,379702,1
google_2011,cpu_by_machine_id,1h,cms,rows=5 cols=16384,2.1662410274416684,0.05,False,56234133,target not met; not saturated at min_N; cost scaled from rows=3,327680.0,38.0,53.370370370370374,4237.222222222223,0.0,100000,4179680,12
google_2011,cpu_by_machine_id,1h,countsketch,rows=5 cols=16384,0.6104741039391377,0.05,False,1778279,target not met; not saturated at min_N; cost scaled from rows=3,327680.0,44.283333333333324,48.85185185185186,8852.77777777778,0.0,100000,4179680,12
google_2011,cpu_by_machine_id,1h,topk,rows=3 cols=4096,0.005047625768723855,0.95,False,56234,target not met; no merge curve for point; single-sketch curve optimistic,49152.0,83.29363333333333,65.57777777777778,5.333333333333333,0.0,100000,4179680,12
google_2011,cpu_p99,instant,kll,k=200,0.002039960011051183,0.01,True,not_saturated,"alpha 21.4807 beyond grid, used 3; not saturated",6400.0,25.645400000000002,5.177777777777778,3240.9999999999995,3.0,,138139,1
google_2011,cpu_p99,instant,dd,alpha=0.01,0.007329712681478714,0.01,True,1000,"alpha 21.4807 beyond grid, used 3",3464.0,15.694700000000001,1.1333333333333333,2008.3333333333333,3.0,,138139,1
google_2011,cpu_p99,5m,kll,k=200,0.0022097160036066922,0.01,True,not_saturated,"alpha 20.2786 beyond grid, used 3; not saturated",6400.0,25.645400000000002,5.177777777777778,3240.9999999999995,3.0,,277263,1
google_2011,cpu_p99,5m,dd,alpha=0.01,0.007336747808287365,0.01,True,1000,"alpha 20.2786 beyond grid, used 3",3464.0,15.694700000000001,1.1333333333333333,2008.3333333333333,3.0,,277263,1
google_2011,cpu_p99,1h,kll,k=200,0.002321227973282705,0.01,True,not_saturated,"alpha 16.2919 beyond grid, used 3; no merge curve for point; single-sketch curve optimistic; not saturated",6400.0,25.645400000000002,5.177777777777778,3240.9999999999995,3.0,,3021637,12
google_2011,cpu_p99,1h,dd,alpha=0.01,0.007346596686089427,0.01,True,1000,"alpha 16.2919 beyond grid, used 3",3464.0,15.694700000000001,1.1333333333333333,2008.3333333333333,3.0,,3021637,12
google_2011,memory_p99,instant,kll,k=200,0.002039654412650209,0.01,True,not_saturated,"alpha 17.2179 beyond grid, used 3; light tail; not saturated",6400.0,25.268599999999996,5.3999999999999995,2951.9999999999995,3.0,,136461,1
google_2011,memory_p99,instant,dd,alpha=0.01,0.007328875873422717,0.01,True,1000,"alpha 17.2179 beyond grid, used 3; light tail",4616.0,15.611766666666668,1.266666666666667,1987.333333333333,3.0,,136461,1
google_2011,memory_p99,5m,kll,k=200,0.0021330932787594088,0.01,True,not_saturated,"alpha 17.4546 beyond grid, used 3; light tail; not saturated",6400.0,25.268599999999996,5.3999999999999995,2951.9999999999995,3.0,,225145,1
google_2011,memory_p99,5m,dd,alpha=0.01,0.007341556560272891,0.01,True,1000,"alpha 17.4546 beyond grid, used 3; light tail",4616.0,15.611766666666668,1.266666666666667,1987.333333333333,3.0,,225145,1
google_2011,memory_p99,1h,kll,k=200,0.002418813325501822,0.01,True,not_saturated,"alpha 16.0911 beyond grid, used 3; light tail; no merge curve for point; single-sketch curve optimistic; not saturated",6400.0,25.268599999999996,5.3999999999999995,2951.9999999999995,3.0,,2446753,12
google_2011,memory_p99,1h,dd,alpha=0.01,0.007347478509427665,0.01,True,1000,"alpha 16.0911 beyond grid, used 3; light tail",4616.0,15.611766666666668,1.266666666666667,1987.333333333333,3.0,,2446753,12
